subno,alpha_t1,beta_t1,alpha_t2,beta_t2,alpha_t3,beta_t3,alpha_t4,beta_t4,alpha_t5,beta_t5,alpha_t6,beta_t6,alpha_t7,beta_t7,alpha_t8,beta_t8,alpha_t9,beta_t9,alpha_t10,beta_t10,alpha_t11,beta_t11,alpha_t12,beta_t12
1,0.35885444043526965,7.065747287766658,0.35855557097121504,7.077681627816345,0.3622084660288234,7.064854342820483,0.35687108057461153,7.084295026816775,0.3591917214669052,7.072107511703552,0.3587499737729235,7.068519898397734,0.3588320661297,7.046328053129106,0.36155312190904026,7.074368530035591,0.3587908678637564,7.017758571318394,0.35768487886822886,7.06262257194662,0.36006634227674994,7.109708687449161,0.36234430054426914,7.086164736858975
2,0.4028346294775378,7.671569194691658,0.400746831425534,7.67141930832547,0.4041409877534327,7.680045757012435,0.4042516933035364,7.63169717656064,0.40312812260888115,7.670217951947775,0.40330526125148025,7.67145179098831,0.4038981160291873,7.631164797088119,0.4008466247840518,7.667537871781744,0.4028296272240229,7.672035997630296,0.40331251357913056,7.587635563213978,0.4031669117418991,7.658821858896699,0.4050775480397674,7.6960626987963545
3,0.3859857594208252,7.090048709812481,0.3830838145387053,7.088592912781148,0.38605926399830853,7.077664973237057,0.38574579014633587,7.103023305880838,0.3856211653480299,7.090818440309256,0.38582705280750096,7.090524309338195,0.3849449753420543,7.035468641908432,0.38348558184506853,7.0918324110766,0.3882808208565406,7.106818552112516,0.38744340828692475,7.0831513376890864,0.38614964436813304,7.096741597830193,0.38387704115154325,7.07299470136288
4,0.376985017294077,6.729124988359187,0.3766414845620443,6.740129954431567,0.37723285591679295,6.684401427750312,0.37708548966871586,6.762434586360807,0.37730768508246354,6.722792303957678,0.37739000683021917,6.727227854201148,0.379054172882382,6.729522840381933,0.37474384353372286,6.744757278933993,0.3769635610796534,6.6903832499999,0.37945752364137403,6.7198094635939345,0.3785364912596883,6.7209567547046225,0.3778090361820919,6.664090001727584
5,0.3648748310673899,6.002496848042679,0.3632629563384261,6.03690704576754,0.3655800930193103,5.991029162722782,0.365553729874681,5.987852537600631,0.3642340634273276,6.008621161338763,0.3634682575481735,6.022731340018978,0.3643986297888325,5.932944952549286,0.36370151730395045,6.078817786778477,0.36166556762961505,6.013620425626094,0.36104304890813854,5.99895442992806,0.3649165928390449,5.957116803041316,0.36282634043783746,6.06238232522525
6,0.38221960542451516,7.455156052608107,0.38078605542298416,7.425228653357679,0.38359044355491984,7.4751739421498105,0.38138057397201586,7.3919159057907455,0.3826469227632212,7.4539411910322,0.38235280990098097,7.45669050588504,0.3810345370528009,7.458850285932892,0.38571520007276344,7.555339173576386,0.38210853767255004,7.4883896565819,0.38441861750220413,7.467205247959918,0.3812530058795334,7.368680518776839,0.38508582816398984,7.482627316776049
7,0.379762222464378,7.6208477991842285,0.3779181020971389,7.6401925938965425,0.3757982314739009,7.673157810236094,0.3779972969011564,7.642426706516784,0.37937020248475123,7.622987509584056,0.37911124443192257,7.639901407734898,0.381539662492829,7.70953092794018,0.37806246341854516,7.543833245069367,0.37944460115875955,7.636102035336068,0.3809826694890689,7.636338412025659,0.38040381473153595,7.63334363863776,0.37729478409588985,7.613887805423119
8,0.3774532146183658,7.284248500210501,0.37983768594916256,7.151060881716968,0.3776313306587224,7.269427506627778,0.379437923157327,7.258060935802573,0.3772354295131176,7.2879157189576,0.37735954851387654,7.284431345052013,0.3757581747387101,7.292089097129938,0.3777978629594196,7.263684954399489,0.3816585139437446,7.285662110180226,0.3765950586087184,7.221810621454329,0.375701113931112,7.3272176914357345,0.37777898245556657,7.2561064790584755
9,0.4076314546660492,6.865880705093816,0.4053697117108227,6.848531229853561,0.40509715011770575,6.809594301572125,0.4095365303268413,6.846751403274632,0.40768578929732985,6.863608653263433,0.40770135755942355,6.862619502602255,0.4077687223027793,6.862231837882168,0.41022738267265624,6.829455278923722,0.40983268913352483,6.775624944665622,0.40879032501300944,6.840568002964727,0.406342857764941,6.8117831208964486,0.407242646844688,6.91990686981398
10,0.3968785010669627,7.222044209719223,0.3976735698706126,7.226065386826268,0.39782781781947235,7.204745134616774,0.39916946629165345,7.21490697953062,0.39673506063833075,7.229725416584145,0.3969404887521855,7.237467816802663,0.39718639917562043,7.240981014319593,0.3983130636103717,7.253485176369087,0.399053020287537,7.180294779852239,0.3988813400624967,7.252443656811634,0.39774471572385084,7.284374300028366,0.3973909094019192,7.20515326392026
11,0.32020921125408575,3.879311688095266,0.32194903190089724,3.9884882847586236,0.3230354994842293,3.8097333738415147,0.31998026294044124,3.86362267559672,0.3204180632948201,3.8723581906328732,0.32014304351472145,3.879705242576382,0.3212077688048849,3.8433755018192066,0.31930755705351543,3.831028671313082,0.31981769173831814,3.8800803005464357,0.3214618959035729,3.9182218111381646,0.31956817495809897,3.79260298970079,0.3160695706481296,3.85758304491926
12,0.4008176934382841,7.3080068102514355,0.40168682230887903,7.307928044385164,0.4002866454135733,7.269725732866159,0.4038334237784628,7.3596492097555055,0.40064921822263383,7.317447509251023,0.40064655505668295,7.309758505553971,0.40326488359447415,7.394514444605435,0.402084898604429,7.317267251450384,0.398113912017621,7.296721292287043,0.4028303380353267,7.298946759767004,0.3998277630369424,7.307606409938518,0.4016506052570417,7.340240558392185
13,0.3620574824889784,6.355630521666429,0.36114579706027666,6.309363268360548,0.3603806072477503,6.369293883057005,0.3656578133169849,6.376546211390335,0.3620025535673703,6.3564979447214,0.3620434039837311,6.356027363588717,0.3598302529189104,6.36249645296949,0.36381376537338533,6.390375965956847,0.3634455194321304,6.355231371590451,0.35909199646824286,6.38281754776106,0.361976856768147,6.41975966293022,0.36178840824256725,6.400526342160396
14,0.3452493791549491,6.429973339696047,0.34781485037041954,6.429645179007868,0.349566483234415,6.43868183152963,0.34673011917661656,6.440873758393262,0.345306912452489,6.42915433849959,0.34497397757138926,6.4406092577007055,0.34103069809668496,6.4544365044595695,0.3484856683678517,6.4439517436854725,0.3417803545334614,6.434483508010496,0.34328655746798686,6.456695356006148,0.34574684391403904,6.387143326251653,0.34300769622168137,6.439062515930511
15,0.35686153171517504,7.261590283547387,0.3559673797096603,7.194586909618931,0.3593479404883472,7.244341665961352,0.3577039757942922,7.232441144850244,0.35716506329225073,7.255857236869192,0.3569580263203036,7.256531182727719,0.3583025926034809,7.182472230283939,0.358262337711675,7.213298360788422,0.3548929140047246,7.282302953028537,0.35605901796800016,7.323669777395314,0.3561959589495367,7.2748853663535735,0.35687955362695817,7.271352837948117
16,0.394722463857627,7.920451140470863,0.3945313928439783,7.962631897217638,0.3978427217660926,7.919553063562156,0.39351438962190727,7.997639272932263,0.39469778454173055,7.920235730519926,0.39476651526046136,7.920279271754832,0.39573823697612787,7.908334686637831,0.39129246505186055,7.942435760999451,0.3936449884704194,7.945942416916579,0.39326560809545724,7.939926764402718,0.39541145104152303,7.951945324649267,0.39349592816652795,7.891100446177303
17,0.3324042372498603,4.750320543402898,0.3314006792285283,4.704222422907372,0.3323865994167843,4.717536068711814,0.33140444055375845,4.802672629164592,0.33440106312036394,4.6996253086524975,0.33209754253436974,4.750853307763239,0.3373097456793364,4.780830987630767,0.3333151186466167,4.724942743299409,0.33157899651033534,4.815817037474426,0.3345396265422579,4.755959019623286,0.3312282134791027,4.799611862796951,0.3320541796364513,4.707577475985078
18,0.38641087694524356,7.609995005375189,0.3836580522007497,7.6154651752771345,0.3858228749805396,7.540977047796174,0.3879556111087333,7.616900774091184,0.3865450699624684,7.612527525422768,0.3862114820725288,7.608675457211163,0.38420324637583125,7.5908547998315985,0.3869138412366563,7.543866293307313,0.38691246822821385,7.5910694410089326,0.3850448756262434,7.610072899726592,0.387343170987152,7.655610269276769,0.387873042269581,7.568904907967222
19,0.40560949790035755,7.717117586691172,0.40653141222632916,7.723791574975796,0.40362561162819943,7.713482070377142,0.4064014618916518,7.794610477768649,0.4056708127968927,7.717276286290807,0.40561250943685845,7.723401113904068,0.4072514231330313,7.739797027807241,0.4063086940208254,7.687902330154352,0.4072574495419506,7.757125757067285,0.4021515622974823,7.69143910849269,0.40583778578175117,7.757938459071974,0.40761278385243127,7.7320176643274126
22,0.3800768331414017,7.488631954770884,0.3816315343142761,7.497401295386573,0.3783623701443249,7.455994997841384,0.38234966606829496,7.5182079310536585,0.37991287588638784,7.497907925664939,0.379872194249834,7.48848369214274,0.3776736674896194,7.547313439602708,0.37724889145984014,7.473212322983271,0.3808192877082874,7.440909380413804,0.37904823607654714,7.491348093411688,0.37910173423589083,7.479220519102436,0.379952777146488,7.482631935175875
23,0.3837799332419611,7.068276792543089,0.3859291830912804,6.987770150723092,0.3822083138765803,7.117953517700777,0.38387597797072026,7.012990857029271,0.3838738409565373,7.071767968128824,0.3837880058069873,7.070738994617151,0.38449517098544544,7.098199889982565,0.38067298974630115,7.028950751154527,0.38050459311578316,7.057978532917001,0.3830440593170614,7.0726739985128635,0.38314557999160387,7.047159762171451,0.3872738512597974,7.099106775053692
24,0.38470409439256537,6.475663820921621,0.3852553585054953,6.427068182653058,0.3843862858234493,6.569273576208793,0.3867232416187191,6.444282922788675,0.384908660424466,6.473366005535477,0.3846791803672064,6.478632033563625,0.3846208903296076,6.460787116370112,0.3840133650520637,6.488500600983845,0.38455513105881145,6.463732376669773,0.3870950370181148,6.499638576357586,0.38773819646013974,6.4456643334952295,0.38103256780972045,6.531568754701948
25,0.3742623090967902,6.971805480814805,0.3755583798034063,6.973285575511014,0.3737929478356774,6.926169936634823,0.3749813144140228,6.980698407024797,0.37464642116394353,6.968360703640344,0.3741950830354243,6.968812191261467,0.3733410624127606,6.9989159792728115,0.3751951169480847,6.964508685369711,0.37161522978093015,6.9985213103730946,0.3744342635395493,7.001160355849378,0.37517261535793195,6.968551272218071,0.3755912748882609,6.934680577231968
26,0.3696784762877995,6.038892640758423,0.36758060243029816,5.982771811872665,0.3696602433349393,6.017158116303427,0.36858020576551587,6.028537497994017,0.36932877738407055,6.0458312657668065,0.3694442873391277,6.043822261190258,0.36913072367136174,6.019049720202294,0.371323713657569,6.077628979060312,0.3707662762320981,5.996542013253733,0.37102779759102716,6.023893770689811,0.37049822745605204,6.06047163341906,0.368584444977244,6.013180859406534
27,0.3410611604674294,5.72270173079776,0.3432473880699298,5.791556383253711,0.34323508929680674,5.724452491294284,0.3415980048581944,5.696754361272412,0.34119292456244904,5.723003130607193,0.3410689768884532,5.725666321896114,0.3401072022062013,5.672474974606587,0.3424231091972807,5.705344442096551,0.3440966300395706,5.7727400015449115,0.343225931987431,5.758187189667447,0.3408171927398814,5.712515362515767,0.3396111214131693,5.683891028534442
28,0.3627939992011608,7.2457916132093025,0.3657939496987466,7.323935112434019,0.36392689389506183,7.23854330745893,0.3592660652888239,7.206621623751384,0.3628705650031762,7.247936752303492,0.36287509869162554,7.248655130878134,0.36062656830602285,7.297212239016113,0.3632974011761764,7.203423369257856,0.36278881834791715,7.234630053931168,0.3632643776845233,7.2457729424827955,0.3676359421641327,7.257246045603344,0.3628559179408012,7.242299681480041
29,0.3958466747198305,7.196930867653176,0.39349710115449826,7.208041245398486,0.39471681325156444,7.196491549647585,0.3959770696750657,7.144131114167076,0.39610433843913834,7.19212364107056,0.39520379974894143,7.202573368069957,0.39455662863086843,7.238730237802445,0.395080853939443,7.257995741894081,0.39661099422092283,7.240415299175955,0.39552614569960526,7.186444481303643,0.3943297236757713,7.2266513765342415,0.3941591751799483,7.186828980913914
30,0.37764385873618367,6.914725504181435,0.37887922166089555,6.9818044383738735,0.37551029918685114,6.834138992870464,0.37663136741244957,6.948733558079556,0.37686702389921223,6.911318699166506,0.37778330938870025,6.914499347472944,0.37282976747708096,6.888835165385136,0.3773017798596316,6.913433316486263,0.379792407728205,6.974949783412662,0.37514436348292896,6.903211693733619,0.37438949643546654,6.90068175379571,0.37927199335522,6.902167341787131
31,0.3380446896942375,6.103061538405159,0.3389150635214286,6.095901584515421,0.3376877268095268,6.103474099268993,0.3405522676107193,6.107662771197002,0.33780887847850927,6.102025352853289,0.33719662171359677,6.110955566906662,0.337541949954861,6.154014743457233,0.3363887237661567,6.166669972140879,0.33802685002342675,6.121386515996358,0.33762981023403016,6.124810019564895,0.3391705040826575,6.068670488667008,0.33449780709447946,6.063047515500501
32,0.36493916541354615,6.154769285275988,0.36738203220897797,6.097847250231507,0.3623748413003386,6.169627275150362,0.36697563906590774,6.196740206663544,0.3651507068378016,6.14987681686755,0.365350669793229,6.146054980707393,0.36641277186732946,6.227459466747328,0.3646529025491671,6.157727519497413,0.3628557040814256,6.102315646510745,0.365162346449727,6.145728503023077,0.36177370849791785,6.1441603172151416,0.3620820462419972,6.156744537214874
33,0.3692307652730781,6.716057348166341,0.365221172634104,6.719493036714221,0.3689805030574863,6.669270924078297,0.36896198241063755,6.736216591406097,0.3690736835121568,6.712510222815536,0.3691485860805449,6.713129018579164,0.36914320346678825,6.686362165052822,0.3679679640971814,6.706826339782336,0.371789626784856,6.690937036363609,0.37296989366153743,6.684874221649145,0.36696897894682984,6.714772350538516,0.36699671146060114,6.720094254655015
34,0.35114539176003257,6.220706512374555,0.3513133862815904,6.192921647717037,0.351815010837201,6.2561737581135874,0.35092001044947946,6.215901702636446,0.3511087949512019,6.22095307390789,0.35113336934412204,6.22119726808209,0.35006279158271986,6.245052825094207,0.3505553821834381,6.2114205274968075,0.35104235168932113,6.2910695060925415,0.3495752399266778,6.215854889131834,0.35016689184896715,6.179601597950139,0.35186200537082657,6.21847545333418
36,0.34094276170759785,5.684341059168098,0.3394737850258632,5.677985441275234,0.34142699672633314,5.658526372342244,0.3396032771578933,5.758513358322996,0.3408429312016307,5.685141350653457,0.3410888074623062,5.682593022407578,0.34117436087902187,5.61295143692421,0.3433849645156763,5.667108799286355,0.33891785956978987,5.687877180930599,0.3446198827149087,5.729933899483996,0.34308226626447386,5.620223331203587,0.34148137690725455,5.71476552378182
37,0.38179709187289795,7.276339111773094,0.3817913991639793,7.260412390200348,0.3795715408089905,7.3206485461402755,0.37834473498206117,7.338986559456812,0.3814761171096782,7.2883714689054875,0.3816085193714589,7.2866632082901255,0.3798574105994371,7.301455439415208,0.38317078325287485,7.27814506150621,0.379492228401606,7.279200544633098,0.38094976281862214,7.267787632483005,0.3799177701274004,7.308773292679299,0.3823685979520724,7.270489886357008
38,0.3845085204048582,7.085951971144551,0.38515772661226616,7.016423814961317,0.3876859986813009,7.078781804595242,0.3832730356614733,7.046793238766395,0.384426811779823,7.084336018415158,0.384377928684282,7.0937178865748365,0.38064501236286,7.098261487444674,0.3851154680342512,7.074388823857535,0.3853770446220037,7.075477975209535,0.38593126857961746,7.129626641804633,0.38463809442421887,7.16846872182645,0.38593447674728143,7.056523185493179
39,0.35559256057367006,5.53321335220672,0.35881920640592385,5.502374744883257,0.3549582778130803,5.510130228224063,0.3600486952313426,5.560433323884163,0.35594774539856056,5.53065961456028,0.35756837784363094,5.526777618319353,0.3553561678466877,5.509580748967702,0.3584152291382159,5.494083584987371,0.3554876945387577,5.559460853670673,0.3549641901787689,5.515328774163675,0.357594665707436,5.495827827488226,0.35801408114743516,5.591936070113016
40,0.38169706744806375,7.411162079225317,0.37992429778793685,7.381828504354777,0.3821966607208684,7.421229969252435,0.38432785120090956,7.416240896249443,0.3816410154429307,7.409476277395304,0.3816318832478186,7.414065237654094,0.3809244768213933,7.410020927559765,0.3823455025317742,7.370122007712191,0.38039989001737,7.394952924769842,0.38285829137022986,7.460175744150561,0.38069065958789317,7.396591531031797,0.38201142920509573,7.417356823940843
41,0.35227496359215266,6.4594037672299445,0.348283682547427,6.475217307255504,0.35015808591017555,6.41001492932426,0.3524947632707683,6.513748173606246,0.35190510950199905,6.451737267891379,0.3520837595056452,6.453490678897507,0.3515251292962236,6.3900401000144695,0.3524638465500413,6.429364394615591,0.34751227740057716,6.485964478446462,0.3524866791024897,6.411512330336911,0.35349770654996343,6.4073994885214365,0.351652291402361,6.489851248086547
42,0.3782698957835841,6.894886843693508,0.3780609169938413,6.929647336848866,0.37725326155266986,6.917943470714939,0.37659883333082556,6.910850909728323,0.37836057984659144,6.8959019813807165,0.37837704842735587,6.9000274546115286,0.3784932228802352,6.961199508032524,0.3777267366534733,6.874356700723879,0.37721745466032114,6.886197570895427,0.3764873898960506,6.833377810814328,0.3786525665244856,6.92017837697328,0.38002278511590326,6.861087481137028
43,0.38581980734372384,6.834401397290353,0.3873923717704643,6.853518679426171,0.38241012424988313,6.810477069080621,0.38643798421877756,6.866956558356785,0.38596408696648093,6.824571851013544,0.3858330996035872,6.835517266533035,0.3859742408933147,6.877210360193759,0.387180484124649,6.833607871255709,0.38398353004352775,6.82163113325211,0.38993654911253056,6.9383718830002294,0.38672577243580714,6.808557833932714,0.38593067204133874,6.797372683717202
44,0.4127247599059511,7.935119390422183,0.4132989166871583,7.94595544448547,0.41240252280006146,7.892648264154408,0.41040867608714443,7.993442832663665,0.41263847682698257,7.940165229847397,0.41289603021024895,7.929748241073767,0.41229760282612016,7.921973004686522,0.4139486714183423,7.928417931631578,0.40958870730532615,7.944549995967202,0.413269920700016,7.893786747955887,0.41214502678224,7.906055648875795,0.41497928614806945,7.947342553406657
45,0.3779506651498802,7.141786075345158,0.37828779551020986,7.167470545119412,0.3789991037770487,7.11603145774486,0.37856130677174515,7.078880087725758,0.3782279364559193,7.144220721838035,0.3779754615770546,7.140453061864026,0.3805861886328114,7.1088475049072,0.3782031470365145,7.176869589723462,0.3790845543606477,7.126148469226314,0.37843331708152056,7.148281219509401,0.3778046562963794,7.121861442508028,0.37873394403164345,7.117217999099259
46,0.3759346044373562,6.481018001992607,0.37408519693330106,6.486373243343819,0.3741649504135053,6.552712636862313,0.37401717928758815,6.437331503758682,0.375431191867192,6.482813404173271,0.37523602686541,6.4876072500448,0.37387632290279055,6.504091044825897,0.37577736042402243,6.58157542556077,0.37564866050427054,6.497858376637775,0.37394016996373,6.4881984224862075,0.37350711012330945,6.449690687158535,0.3721598530754909,6.421958689492554
47,0.3328358434196896,6.1859421452354475,0.33118194391217287,6.114435242928765,0.330822223456957,6.176587846574242,0.329845724359265,6.112755479996527,0.33251230637001544,6.182827799144203,0.33259538203126104,6.182520101278107,0.334020708298298,6.20399477960158,0.33446812922952357,6.172430690367671,0.33157827270778784,6.120135528966746,0.3324714012216861,6.132284363139546,0.33162746573479573,6.207636888329215,0.3310605047187706,6.280228171447057
48,0.41476852504504996,7.787718791782579,0.4131578560993416,7.825417852860668,0.416770942363444,7.839206269857205,0.41608562097149643,7.766883249319948,0.4143106443651304,7.788517737319083,0.4144712761211362,7.786964876410939,0.4171330728798129,7.795418368021368,0.41348378828868715,7.754613603907542,0.41408051011097025,7.733521627188645,0.4139371008823843,7.7779773010617275,0.4136604774037143,7.740267687802634,0.4146062950377668,7.750301371274266
49,0.37925803154296517,6.864492376558718,0.37741053113038514,6.837860313892186,0.3785340570268816,6.769948933822588,0.3803505793716437,6.849340800440376,0.38005463027988795,6.85755399269642,0.37929912209892,6.863355098659097,0.3769646911008861,6.806118722280796,0.38118498627071024,6.906346799842372,0.3798821346746707,6.864965796693325,0.3788067490148185,6.849629425820287,0.38140729373774757,6.853289239994356,0.37800041327405187,6.82344176121476
50,0.3937319745590555,6.973661732670455,0.3913499245649506,6.996309103894972,0.39365925830679815,6.989737585712185,0.393662925281812,6.965703641357775,0.3937069112995457,6.970534751439372,0.3938021896769927,6.9736246491427885,0.39366305510906086,6.8906696404251475,0.3931186494169382,6.9690459818632124,0.39442743164884414,6.991869855484234,0.3937586848107363,7.004308640762593,0.39395498812804525,6.986269685930531,0.3943508503413504,6.994118330538895
51,0.3637069810824372,6.184745879417182,0.3623302025921627,6.054243106679971,0.3639401793027571,6.160984570607581,0.36361689442223927,6.212598650750367,0.36350169263229226,6.188505531918122,0.3637311783611302,6.1860735861971685,0.363932588713468,6.183113842309365,0.3630341721484071,6.206544837942949,0.3609827553811606,6.147343663271757,0.36538619341038825,6.179924694251196,0.35929671082127956,6.17270299009449,0.36214541694564156,6.225827970435916
52,0.3834244410739758,7.401006837136521,0.38007036352539103,7.42040448651312,0.38578231492964055,7.37510375688347,0.37887644004768173,7.425197933889516,0.38347366551019635,7.399080805771951,0.3834170050060209,7.3997071422178555,0.3872062048480379,7.30106167796532,0.3852301775327563,7.464306863286365,0.3827422178501813,7.36623533702442,0.3811976621560017,7.441975390562718,0.3822936514977144,7.355687200283997,0.382859153687077,7.423071317806374
53,0.40035814451220053,7.790441723595655,0.4021583334491444,7.795500217090931,0.40243318575026105,7.726890224479535,0.4011348869279128,7.769036325247131,0.40045027974022074,7.793850267063364,0.40046626137453323,7.7952088730395745,0.3951611306800359,7.7601419328980175,0.399716751293231,7.755965348454091,0.40255441597297004,7.753604960504459,0.4008693864951476,7.7568057378341235,0.40236550467877075,7.7925735869825,0.4001609763140759,7.8357531614906275
54,0.37406783798749427,6.9974093162387625,0.3706685025309717,6.949677517195441,0.37285115487499615,7.02658670226249,0.37511903996577545,6.989557211653609,0.374169277637146,6.993253312308349,0.3743338673652812,6.988586141021223,0.376676385150519,6.982320347689418,0.37262198199143853,7.030755851464702,0.3749125241725583,6.990012097272585,0.375302420146034,7.024074027043047,0.37592962923379825,6.993799039323941,0.3722661630202643,7.06017801301249
55,0.36530194579087416,5.636400587816244,0.36204940091398996,5.653430061186406,0.3646581729836033,5.56555250383623,0.36588735904176156,5.584097487195491,0.365188127737289,5.63718741453095,0.3653637730845509,5.6360870960074685,0.36669870209688044,5.659823803867007,0.36639186449783107,5.690254256010919,0.36296386229712513,5.618070680972443,0.3633903941012033,5.643915361052206,0.3612330537797246,5.646712788821371,0.3633643026240757,5.609793141817327
56,0.3928910508722296,6.710357749931901,0.39028530960172214,6.73246861097973,0.3970109782423301,6.755464417996829,0.3944595658176943,6.714214469274062,0.39295735584100144,6.712322834472989,0.39286387321514105,6.713056195299959,0.395779079260917,6.690012965031847,0.3933456465176667,6.712597282455609,0.3924143625481487,6.703202790395099,0.3941148166186387,6.707905100554173,0.38929114531615727,6.705426924128182,0.3922350310879056,6.7832083057726065
57,0.3521132124737736,6.27687805674732,0.35418622941146854,6.310519505369158,0.3552466738534282,6.2513537709389775,0.3516606920948123,6.281744830826952,0.35204422409982183,6.276547309943194,0.3522358942547723,6.277775410003161,0.35263994113038555,6.219998227650584,0.349451998080824,6.326456870540314,0.35284639715459215,6.230026771777566,0.3523858232988734,6.264060556350145,0.3508806655291357,6.304389392737893,0.35306387657456145,6.265723082418496
58,0.39928696946675013,7.685925163523701,0.3979303629695367,7.6543767056717105,0.39678570343435726,7.750195002852912,0.39921430952726217,7.69657660555748,0.3992467352386225,7.687821420020118,0.39922191282196073,7.691898043469607,0.40017625659852685,7.647026051932296,0.40075264854348575,7.768378885643593,0.39831463965176583,7.7301542537295775,0.3987679291040113,7.698313118525518,0.40227154332072795,7.6775482366336325,0.40079154396830347,7.680024805269068
59,0.3691127209912066,6.25400838062176,0.37075151559020686,6.244108856295112,0.36914767292555223,6.211868083729585,0.3698611204964767,6.2820075799739765,0.36909007080208756,6.254682890861021,0.36919369614637493,6.254815708680601,0.37062422038347226,6.2361448068934155,0.37440850579534696,6.272906814841668,0.3688127018798327,6.252455382265332,0.36752774161360885,6.25227828487427,0.3677324782176107,6.264956141193472,0.36797670589977527,6.272360089835269
60,0.40059496085917656,7.938496258532106,0.4001836477292341,7.964460815865588,0.4013551917736703,7.873448863369495,0.4000750236616564,7.998002192309156,0.40065651368510696,7.944069073841051,0.4007331992633288,7.942521236466628,0.39861489930510785,7.889450165045856,0.39969747031820174,8.014339277401906,0.3988811229698566,7.931642900773218,0.39944289068415717,7.949253317092778,0.40021135807673175,7.951647900735724,0.4016384861744317,7.993608022129194
61,0.3731772807771331,7.252742211280534,0.3744126760677298,7.2439821196462315,0.37152961782495897,7.297549644456365,0.37565014659064927,7.20357345615655,0.37351517989495814,7.255257816408881,0.3731138063257659,7.2580193912767434,0.37523421898278014,7.250372203145169,0.3707889107845483,7.278106747908796,0.37118993932047595,7.210667284201266,0.36981346561737416,7.199540399916921,0.37529039482626186,7.291947960476533,0.3728804300471353,7.289141930595522
62,0.3732947712166845,7.048987816008497,0.371821922179176,7.023142582219995,0.3716404946082899,6.985852450634257,0.3726655604315384,7.03527511578916,0.3732567256851532,7.049266018834075,0.37328671397763424,7.047013177666803,0.37393708307847,7.047282453958066,0.372784348176165,7.085148865910079,0.3717692804397004,6.996155997840214,0.3754955939984917,7.009676111736225,0.37276510274663316,7.054946866969884,0.37459485210637944,7.081579188685477
64,0.35321781799516616,6.840125654407653,0.3526693536760643,6.856105254024916,0.352435647585484,6.839532722110447,0.35441021278538715,6.883097870463688,0.3531863113268964,6.841360315829329,0.3532452486831024,6.841695235813878,0.3527860885870104,6.8777161830047415,0.35583007712171,6.873389452967374,0.3522667320192171,6.864960203283569,0.35113580984909404,6.821435952054614,0.3506721030911673,6.8083434913126775,0.3525486539180885,6.782559066163556
65,0.3902733893615092,7.681691836341301,0.39090640175688324,7.668443529152819,0.38760966114054873,7.680710615964797,0.39359860787457057,7.619611736808272,0.39005009340251573,7.683041884793149,0.39009233614768557,7.684020980139262,0.39006394790307547,7.716955528536164,0.39210525134245217,7.655043924816433,0.3919956649227641,7.698606686405043,0.39013749438099576,7.68793817222169,0.3893028068965984,7.658663458182616,0.38795035237580555,7.717558111082277
66,0.38053586312344084,6.895953963019246,0.3772098985219809,6.917221598598659,0.3810212206246241,6.8902776292652845,0.3795682160541288,6.935335093794464,0.3801780781590459,6.89919339165411,0.3804353362131873,6.896713454410888,0.3797111718499826,6.908354891688568,0.3795157478456708,6.883977865070444,0.3830022149015027,6.80436765587583,0.37828566272787784,6.86732811396619,0.3756741652099049,6.833995516635197,0.3766816314628339,6.923892779284278
67,0.3656565999050919,6.935961094719544,0.36843601312682067,6.896838314002691,0.3643922594450573,6.943276423895331,0.363018264933546,6.947906269959472,0.3655012026178201,6.936105034817276,0.3656508941240917,6.9384053643104115,0.3646318025013504,6.910065919755206,0.36401868677308385,6.859318739867409,0.36325580378366956,6.886725810482724,0.3608339858180343,6.937627965105991,0.3663658632664606,6.9064792345526,0.36673474106876286,6.922372307005498
68,0.37309313557608825,7.003035134008957,0.37559388936387456,7.046405320071551,0.37228118207188443,6.963945762235609,0.37364421340467974,6.885827066577368,0.37327801035772207,6.998107930960903,0.373354727231452,6.997751546589925,0.37450086416880474,7.000147294883689,0.37256901132211684,6.99162738346778,0.3743695304975089,6.951895077786512,0.37475303752152017,7.016657311754645,0.37578259274716874,7.032545980686755,0.3727837180630757,6.927857556702555
69,0.3637193841241441,6.90773760380915,0.362431998601633,6.921566151980394,0.3630218972688724,6.89389427999873,0.36080706008715885,6.896594382388204,0.3633736031752753,6.9102445130601176,0.36374400183670963,6.907705454733129,0.3626950506812453,6.922047564793521,0.3622985335038457,6.97318417702561,0.3617799836724724,6.917800927068286,0.363186330216272,6.944202906080689,0.3628631360400146,6.920635828543219,0.36577563446981287,6.938263342145688
70,0.36353574271628153,6.371554079466274,0.3618475990314566,6.356872207810346,0.36324923370795187,6.334244843235569,0.3646100672450689,6.369498241759595,0.3635119133701117,6.373683219220692,0.3635017732493467,6.372480247804315,0.36615887973329925,6.306545604208653,0.36080319348945517,6.330190906536875,0.3612401984246952,6.393090514680694,0.36657031266433016,6.381439149382115,0.3631844415261357,6.344238644622733,0.3662557204110538,6.363220851095599
71,0.3917848831118346,6.35333253478892,0.3892485552271166,6.36298452901232,0.392844222899189,6.302213060891549,0.391673524150259,6.339143566426416,0.3918407611305248,6.3573524273224615,0.39171340678582955,6.352836895259745,0.3909306268070903,6.353864616769151,0.39486391660204356,6.314477098415041,0.3927402977304329,6.3802243668759,0.39382827844772983,6.417978661182111,0.3913289152459026,6.354619144750084,0.3903593571610639,6.3388464412443275
72,0.3545053749474339,6.446845647845649,0.3537789608704087,6.430623817372208,0.3519772586352824,6.436818629190017,0.357698814474,6.502429793286981,0.35449676701703847,6.4477855424009745,0.3545258549442855,6.443786498796118,0.3525501332107179,6.382659630075971,0.35546078165463246,6.459658276259889,0.3553614446255123,6.442872111220244,0.35486781724989186,6.435539017448728,0.35487003553930874,6.45069712880518,0.35541080160933153,6.4721766645905845
73,0.3308325876153766,6.805460424753228,0.331186199637358,6.863634060623376,0.32662754279160755,6.825367747423476,0.32936619396900585,6.754740334983771,0.3312067366260731,6.807413551887857,0.33102452583576925,6.812349624879669,0.33228840980756497,6.783470860810428,0.33124188696323775,6.824915521999926,0.3309023013573046,6.77547802779521,0.3310273994277244,6.805397047254698,0.32925537725293713,6.839788118728683,0.3329173422512313,6.782949253899781
74,0.36864439090609497,6.75069855259441,0.37156957057954615,6.751828278895011,0.36732299805295116,6.8109386490852915,0.3703819120509097,6.766877864050295,0.36859594080386904,6.749752132389955,0.36870609560996725,6.750480221433477,0.36960982587316743,6.737280796872019,0.36732507302132383,6.76594708899899,0.36815480921036275,6.743078763994018,0.3685431759379401,6.7191260341607855,0.3695695798668849,6.775550089884253,0.36752620075228914,6.693079705288673
75,0.3847848859075353,7.70396907500006,0.3834191057311846,7.703365591136731,0.38515790507083547,7.682429247787233,0.38635459617602486,7.746723420234736,0.38546615119260036,7.699235504620398,0.38537835135865184,7.6992967869637505,0.3840215480643983,7.6477700987200885,0.38351513797430314,7.723347646282854,0.38179321767255675,7.716367017576587,0.3868535177505974,7.728439307433895,0.38784583979029785,7.812638672195223,0.38644300683964844,7.7152895950566185
76,0.3420103264794359,6.142722737696328,0.33984787716952514,6.138623630071358,0.3390838808582767,6.243729497017376,0.3427345323973848,6.047651303821555,0.3421541106087393,6.145117108514815,0.34191226797762486,6.149145122297657,0.34101452946483013,6.220182685202629,0.3398593112508494,6.171885519122564,0.34427490159115987,6.153074373586443,0.341245463386937,6.070956125841574,0.345892636554263,6.144191328672554,0.34161495568975125,6.128132793944167
77,0.3731558088877545,7.386350945213083,0.37134175661501817,7.387215283465026,0.3715869038201566,7.456115874111936,0.3728251063048519,7.4277053677383735,0.37271449501284776,7.399736628646925,0.37231688282067416,7.407161559896368,0.3704874130069524,7.404108933839538,0.37472089516608753,7.356439607761301,0.373332164480161,7.385460803733681,0.3750607152075653,7.40390817461719,0.37322555819826025,7.43759951449418,0.3723679440628099,7.393222430963555
78,0.39196088989320965,6.98387399212905,0.39246333143427214,6.942512006091687,0.39290402919870643,6.988703351964376,0.39104490809649883,6.928641344642519,0.39171294558956843,6.9954699276914845,0.39157658940996937,6.997565218066848,0.39025209857382387,7.02696211352317,0.39081241745071943,6.9415748697109,0.39166511638138146,6.991064641450459,0.3911508882075174,7.00931557855492,0.39175082481595197,7.0230030645807044,0.39448962685945116,7.0048672967260615
79,0.36171738404013215,6.6055412058666825,0.36137963536236983,6.679636388307833,0.3634117161498573,6.629269323715792,0.36407406759124544,6.660618265177932,0.3609562209773797,6.608498476398675,0.36120512596678356,6.60759273236789,0.36476905096605666,6.594431078599864,0.36292936634786627,6.648671878865982,0.3588516205749733,6.599012888039104,0.3611822207750287,6.5900852878925225,0.3597898181691689,6.654899528260482,0.3637595157004246,6.601794852449413
80,0.3818965126060472,7.031443739914847,0.38057485580584643,7.028393360540224,0.3793869881883873,6.944033034883543,0.38087071209474616,6.962268539536197,0.3819043223323518,7.033825145498881,0.38188960365725294,7.035686751566385,0.38385003459767086,7.047931567165955,0.3780993945569434,7.038701854106803,0.3822557700082326,7.002964259031379,0.3820785788741143,7.068471658604961,0.37814071352172096,7.067796312314738,0.38269566127135685,7.024261657838207
88,0.3882131372592779,7.722850534425713,0.38659348001173516,7.745718485631725,0.38784940366955273,7.690629016131431,0.386435201212785,7.671330679013873,0.388171690070674,7.719707759552343,0.387763494907099,7.733625670194134,0.38937291968893134,7.8132111586461095,0.38828536997151153,7.750990402149933,0.38882327233921155,7.737282379442677,0.38847408355130725,7.704479516306023,0.38598243359843526,7.737474123402625,0.388207789791145,7.7027935675124874
96,0.389388077446587,7.236047356199718,0.39284020199697256,7.267914093141505,0.3896243180965528,7.208900980216849,0.38727283265744344,7.265717885967148,0.3891373709482447,7.236111670215517,0.3891932679749604,7.235081307768088,0.388200125256692,7.214298430687164,0.38868286585999695,7.2867352406393495,0.38906833556994946,7.2599993684361275,0.39231659154631543,7.328194698106737,0.3889549650724697,7.231613597858662,0.3882827505341738,7.210715323297147
102,0.3358800507671484,6.903956607933055,0.3354369093918116,6.90600727976495,0.33454167554688413,6.919819575640964,0.332798786535892,6.853691288277531,0.3359252022646958,6.902410909968816,0.33597937378827775,6.902428170940776,0.3377242470902186,6.882409180415016,0.3342869759424557,6.954389402579754,0.33744274702104243,6.9923718065383555,0.3375751475576019,6.949942127416571,0.3344163478515313,6.9449039882800045,0.3357990890137192,6.921935068295578
