subno,epsilon_t1,capacity_t1,w0_t1,beta_wm_t1,epsilon_t2,capacity_t2,w0_t2,beta_wm_t2,epsilon_t3,capacity_t3,w0_t3,beta_wm_t3,epsilon_t4,capacity_t4,w0_t4,beta_wm_t4,epsilon_t5,capacity_t5,w0_t5,beta_wm_t5,epsilon_t6,capacity_t6,w0_t6,beta_wm_t6,epsilon_t7,capacity_t7,w0_t7,beta_wm_t7,epsilon_t8,capacity_t8,w0_t8,beta_wm_t8,epsilon_t9,capacity_t9,w0_t9,beta_wm_t9,epsilon_t10,capacity_t10,w0_t10,beta_wm_t10,epsilon_t11,capacity_t11,w0_t11,beta_wm_t11
1,0.09529925346488259,4.255374318952977,0.9098113590318287,12.153628558079825,0.10824721657117356,4.267982162954568,0.9117502346734166,12.037428805976756,0.097009377764848,4.331985043852872,0.908469010041086,12.2826854813781,0.09959899804626315,4.248328883469936,0.909529593505705,12.095390117118185,0.09180127490477771,4.354956118466622,0.9104258342207673,12.033329266727591,0.09683389515346785,4.40436331292946,0.9090333503636522,11.954311605400038,0.10048123777539529,4.252159476174592,0.9087501908107222,12.287839648877194,0.10044972077173943,4.232359343738477,0.9107158391827447,12.235828121731624,0.10151391921445414,4.174882612399039,0.9108308886412313,12.086662195084221,0.10294126523902657,4.329124733267108,0.90201203603358,11.974884755428928,0.09568480817994085,4.318977914553244,0.9111702799099072,12.123534150927195
2,0.09614237951647304,4.4623148298532715,0.963076672126876,12.139552321429568,0.09491351606485972,4.660662707238637,0.9605808152586613,12.175187430195805,0.10134538186204214,4.512949271177038,0.956819269946003,11.98774815154178,0.09707507202455905,4.456123866639541,0.9649997088318416,12.008982681069249,0.09668653121568242,4.3814680672265585,0.9631911341816188,11.999300646033221,0.09777178049264271,4.617815824915662,0.9649200643223212,11.903935511679075,0.09803424394015314,4.590797619137449,0.9608597888004885,12.189919887141597,0.09470191463066072,4.462156646297418,0.961256054732153,12.313019097187949,0.08926337933207715,4.291517357291085,0.9652856107419855,12.008144023444402,0.09809193699131344,4.356116609948914,0.9593303034683619,12.02045034011424,0.10610528143790186,4.474214708961404,0.9619533465050207,12.028619485761427
3,0.11001266148979126,4.27618962889726,0.9463232161587943,11.756367270232635,0.10730079736573729,4.3002013318499435,0.9469930988410297,11.814799193374181,0.10662050455224943,4.275524401465419,0.9427105419676741,11.659366330105959,0.1108871814592381,4.282177715524137,0.9465553601763802,11.757725678216746,0.10873456848480914,4.337736537406899,0.9530412325427088,11.792201130232357,0.11018711867659328,4.280282785859224,0.9477223194813008,11.673728101223839,0.1064368886695977,4.297782991927577,0.9428402129958329,11.69770677397214,0.108435943557272,4.264841420287636,0.9451746955545872,11.69404049063896,0.10795005919670915,4.330309893667403,0.9421322941228615,11.699825109586143,0.10818942000766658,4.255086836563445,0.9408536061312036,11.794926484191203,0.10196569677480315,4.269877246635412,0.9462398939945464,11.680974005827577
4,0.10229727609467995,4.304676552075193,0.9406060587035187,11.980559913499487,0.11150048658274128,4.299972896206991,0.9349480969211135,11.912311023887508,0.10208324082294858,4.383751651155889,0.9441920349072002,12.169646940405903,0.10231526458925541,4.304934144801526,0.9405805940823662,11.972757269692972,0.09988133829801585,4.247399672809066,0.936420508256611,11.90014588599654,0.10853892893743743,4.393539943525304,0.9464555515338181,11.984577693635481,0.11023751664997443,4.117938387451796,0.939601462621631,12.072695318215196,0.10162692426392302,4.248898657766413,0.9416153502680112,12.082822128608976,0.10600201082309771,4.372075212770651,0.9374163698121201,11.97898159980495,0.10080097840032913,4.295818129918239,0.9366887317457505,12.081416142836401,0.10041069961325728,4.326525105332513,0.9430747236993582,11.927376632614223
5,0.09912900938806347,4.205394725409193,0.905194058674651,11.975581546021589,0.10116658332732156,4.195947120873513,0.9033232540466838,11.871779682595994,0.10091258627732527,4.337168498954271,0.9037513803109983,11.959271842294244,0.09928225803860911,4.206921374980072,0.9053579316440216,11.945643956647643,0.10335360367021629,4.247891060753674,0.9079624735013451,12.029235050076865,0.1025816401718923,4.067958979423608,0.9077455467225121,11.791323816918688,0.10409283038957472,4.116840819504544,0.9061851684036641,11.961945333512132,0.10522910260746543,4.308672445715468,0.9004688100463409,11.859214216965407,0.08951293983938201,4.131585200965533,0.9079920422002823,11.888246040769898,0.10355818216255928,4.316711659485467,0.9088936840691779,12.005892401198546,0.09510672043540729,4.228248448486702,0.902659362622874,12.096149068594524
6,0.10673258196735985,4.370986011369613,0.9549738193419137,11.9931163240097,0.10701310646604258,4.3428284384630675,0.9544200535916058,11.932375485188896,0.10326560724479843,4.571420871396021,0.9560434664178068,11.95486328469415,0.1074468345179049,4.365947204102927,0.9549598083725702,11.986202221530984,0.11092355066593529,4.31904755569808,0.9508402528544542,11.990026530132626,0.11286244036653258,4.38355500136248,0.9573856204030046,12.03267371920251,0.106790263939918,4.350707064123578,0.9509477084657725,12.093330548840083,0.10737460895523086,4.318057442151475,0.9542314612055092,11.949016836979377,0.105556943021151,4.427651896393454,0.9598520766684047,11.951121356120742,0.10275332885868085,4.357702605744276,0.9528773434830249,11.783099966063293,0.10772630725335715,4.39772727455457,0.9568969868713538,11.762020167049906
7,0.097985293238514,4.271588529385893,0.9636033145890628,12.030487851127873,0.09876016671072287,4.223437569124711,0.9643867884271659,11.905145494185504,0.10175551528368086,4.220108288825524,0.97247934741817,11.845522254204846,0.09751585254552021,4.277827156658442,0.9636223529011106,12.025299170716218,0.09926282850129786,4.2852683692417415,0.9663500126789318,11.921766120940159,0.09637628855177385,4.286605599619125,0.957622997257867,11.91720323623415,0.09650283961053199,4.23083578426328,0.9652787507930639,12.072786826249422,0.10040559109373401,4.302992945775421,0.96448046425759,12.104152939992488,0.09258116082044786,4.257084661496317,0.9666743765049829,11.932449091559905,0.09848065698594043,4.2112305820332745,0.9625644211693852,11.983412290649195,0.10441571082795813,4.191719581199794,0.9570022546357496,12.24460162610366
8,0.10249175915026311,4.240531218338348,0.9450904124163186,11.834747056304643,0.10639086995383915,4.203280674219479,0.947692181266217,12.013894268035617,0.09983897538265614,4.1652088587970555,0.9394153816589047,11.998820872111281,0.10600149564782765,4.203969117036406,0.9449004978654185,12.037600146850927,0.10690861587429071,4.143643388357238,0.9471048983430916,11.85655716665022,0.10461766658050686,4.299604857087516,0.9457788654805418,12.112311627433465,0.10279879722392915,4.11963587489528,0.9395778849632145,12.14827591847302,0.095855084188294,4.284960937520497,0.94599444745268,11.935759530155414,0.10373365863551343,4.332432268095469,0.9326819309827695,11.955254588122967,0.10375745486589615,4.21019953156904,0.9434436166897981,12.088229976013867,0.09888105522816486,4.345972591248704,0.9354956883805366,11.900457529516116
9,0.10387184427454893,4.4506106979117686,0.9451543306337887,12.034903699417073,0.10755325647569057,4.50063594353782,0.9454445729614565,11.98678649456292,0.10677742369223028,4.469841043694834,0.9364816793036052,11.986761384404838,0.09988946400938686,4.492244013897641,0.9398717678332624,12.024578307321429,0.09558601171865157,4.325347419222088,0.9394986624800445,12.170695654446844,0.099928858869859,4.488700519428958,0.9395427483093447,11.993769030584104,0.10157871531173827,4.398422138193848,0.9360423829364597,11.980003711630346,0.09549195106970529,4.532878936973532,0.946918763997714,12.176480864058245,0.09819056850334358,4.573991190398973,0.9462667779209362,11.863864115979107,0.09657618748104028,4.609428873968917,0.9376440385784777,11.872373453543116,0.10293271317961986,4.6424273452077625,0.9419795498360892,12.133567669963952
10,0.10019841855958643,4.430642926471532,0.9316898714722357,12.126809039646878,0.100874517704976,4.422717323593644,0.9327689961909658,11.950615760038094,0.10448217681498771,4.435485135363526,0.9299730539382597,12.128932372539746,0.09937531870207703,4.429626342791646,0.93166386473288,12.183692006563614,0.10097056721573686,4.502738860149795,0.9309982850438852,12.19239322116944,0.09485334752646087,4.418839895381616,0.9264804096201343,12.239461139280738,0.10078211051098629,4.4049652705109645,0.9341554289286336,12.095247022468778,0.10571677563814243,4.5035283963102355,0.9269029778052161,12.46161379051662,0.09602406183534329,4.435582372774101,0.9367127672583949,12.194372992561236,0.10118558373551687,4.486903380026605,0.9355930306736361,12.041829680849373,0.09701711360482627,4.352591765264941,0.9350779736955473,12.172197464862817
11,0.10996226191803722,3.6704270912600054,0.6730627525541761,11.850722426669021,0.10812260229551043,3.5699666172032596,0.6726714625685186,11.71506247037598,0.10700520447011828,3.622549369262997,0.6795614275534536,11.673267726100406,0.10850299599043937,3.661761348977066,0.674860420942704,11.866770180987059,0.11152634023125242,3.6375601882279764,0.6806577840409306,12.077116133837743,0.10747726563839644,3.7493128563280784,0.6779529622528916,11.951367616093922,0.10891883354478114,3.8121349133021463,0.675307884386419,11.876576230871773,0.10678574480980786,3.7831052193701753,0.6758155749413733,11.83190527753234,0.10906694167612142,3.647385256869502,0.6726325129919731,11.72760440928261,0.10846252330083628,3.699547774838685,0.6730856617497817,11.887771251394017,0.105829256784584,3.66376758679152,0.6784687712021447,11.947122043897695
12,0.10241899089987233,4.364128137232004,0.9597537907205227,12.183466605308237,0.10505710471485899,4.496408564200407,0.9610697281073147,12.234073486011578,0.09799601393471515,4.490885931522503,0.9661976298192613,12.112217711318639,0.10252883033377845,4.365154473066733,0.9597657847094706,12.183886623774452,0.10193467172915371,4.400764454690006,0.9596743058087068,12.083016265767998,0.102517555582017,4.311418813202276,0.9563289523860746,12.106507273086859,0.10265148821520372,4.318079355989682,0.9554647169938806,12.189770033795982,0.09806306041546071,4.239614328615021,0.9606977013049216,12.191519480496456,0.10323035099104029,4.3922540310286395,0.9568158660148406,12.216060031786228,0.10512478878459272,4.310244972578914,0.95548643313721,12.143260031077608,0.09716811264970342,4.400367135449522,0.9523897183964211,11.847489466566618
13,0.1032363476586564,4.230105224988751,0.9053062263483059,11.967802422858867,0.09645163172992714,4.128287634915784,0.9019950824335249,11.92732896339967,0.0983968857354733,4.17969227664369,0.9154519651894181,12.02260170345228,0.1031805288089913,4.231156794448446,0.905303138822902,11.964349463759664,0.10459631288709244,4.248356813016755,0.9043590256196872,11.805890146601488,0.10086905610561014,4.2758992168727215,0.9094981150795407,12.047630967817271,0.10211647172811657,4.196213346307762,0.9004880958385192,12.2031081694809,0.11443404064599914,4.184204822103477,0.904710371435068,11.924337666796031,0.09917504765559901,4.295337033911908,0.8974569606343437,11.746042819843511,0.10174733207253499,4.154718183324484,0.9117378186623271,11.953527239573289,0.09667174899702871,4.283572503100523,0.9057422292019671,11.787582295918918
14,0.105054150793007,4.161807292617486,0.9048233445745963,12.082040574351147,0.10564171278247485,4.169386636453248,0.9029337915180858,12.110671551562408,0.10367981355619071,4.058805207606234,0.9110439614341674,11.998610795943051,0.10447707978022129,4.158322422387388,0.905597927011553,12.059378473780967,0.10699351063191,4.163541883669233,0.9010781034999862,11.962396448245377,0.10613696747348986,4.160345142411111,0.9090542174458756,12.098479078222965,0.10415792399993772,4.066191871486879,0.9034830031439546,12.103454546827999,0.10432749046845471,4.009510786870202,0.9039574280452584,12.1093044929215,0.1051320226795013,4.128362038333281,0.9101753990041855,11.865347322696321,0.09962384791505699,4.266068392400759,0.9071681345482355,11.895426685007866,0.10745042137307485,4.212994831648676,0.9017084893324661,12.07388917999947
15,0.09321611273614194,4.179234057511402,0.9326926876039503,12.129076692091921,0.09602725289722185,4.021274426863007,0.9328107911148871,12.05160669246652,0.083836364755993,4.184198834724896,0.9317680218454563,12.086343958838171,0.09315475666639045,4.179917271408441,0.93267172630796,12.125716237054963,0.09489233188653771,4.141575076104682,0.9331138808075135,12.4707921055785,0.09681965696416171,4.189257391257273,0.9356494827072783,12.288334133120987,0.08358545358500828,4.232263493450932,0.9246865207907534,11.978471552190076,0.09499286261548427,4.233003152825669,0.9292055489975433,11.972873858116406,0.095703362441015,4.208728617564734,0.9349685194100793,12.055836490105373,0.09877208735668529,4.144635420525632,0.9278738758612676,12.154514792123653,0.09411584600719887,4.18844925551411,0.9305747685841377,12.14538732471681
16,0.10105364385044373,4.376910029340529,0.9633239630433865,11.75453703638511,0.10145977197904414,4.4391999086692016,0.9593822171728369,11.483126121582368,0.10750808737337157,4.39072596154409,0.9618933310636363,11.848114157574159,0.09652948542466148,4.364992038331745,0.963379963160249,11.539809952881111,0.09960218974121485,4.207856330635905,0.9578251488840772,11.305403328210161,0.10256604654560957,4.46342597543033,0.9658071147795618,11.539912897325271,0.09750623968249401,4.313652600671841,0.9644353687587074,11.595219471898703,0.09672819592041815,4.375831659878364,0.9580756703206967,11.478331596261881,0.10286165845689857,4.3892638795374666,0.9647087183587917,11.71396400502322,0.097974120575871,4.353248226994249,0.9626631787152132,11.888243733823668,0.09402105768229387,4.3262035449599905,0.964112432235755,11.458890746061615
17,0.11207210290997353,4.089038554960399,0.841251951592776,11.894659495755548,0.11509624285318529,4.177250546405573,0.8466604649563629,12.078610498122433,0.11253109352759985,4.060279790981332,0.833227148363323,11.847811910119157,0.1127018760394099,4.095417815836608,0.8402997903563728,11.92716737463354,0.11005939556622828,3.985310623336989,0.838173011801457,11.961597519696312,0.107042142028051,4.107972288583087,0.8309452629404365,11.932721999638156,0.11404034617347528,4.08949897848387,0.8330476250279679,11.742371576261823,0.11009069910123158,3.957787680880944,0.8437543162536831,11.852206946963161,0.11909435494797072,4.058405747275578,0.8452316524480737,11.608930686309588,0.10733313178965143,3.9234801366722,0.8392646896778713,12.01052982463713,0.11564224798998086,4.117888629229607,0.8423085172215596,11.925689358188624
18,0.1015994467168733,4.337036534374688,0.9625385972856085,11.928085879270656,0.09669862300877442,4.28216458313712,0.967155396671929,11.871588160677202,0.10548603442377114,4.455224892313194,0.9573856219535336,12.058842802399392,0.10162002513415988,4.341607679639921,0.9625603953077057,11.921623458578415,0.10149156875340458,4.23900632019433,0.9683348778544457,11.870623943869706,0.10081401719324028,4.428936365747356,0.9549615718740726,11.91243230906477,0.1036606476993853,4.314529856496088,0.9651424313403167,12.121754534556938,0.09828452748008557,4.15299228056283,0.961698547366934,11.887699721415462,0.10260554599724643,4.367243974142954,0.9629638704681993,11.901129421284363,0.0963910758083577,4.29178461340395,0.9579842047726286,11.836773845203785,0.10530521553858056,4.170207550882684,0.9594044405064543,11.731956525095638
19,0.12314259808838715,4.416973442956876,0.9591880211804766,12.203828039074612,0.100776165207129,4.402912966089027,0.9653459081844618,12.189875259072265,0.12344239764371942,4.369072221948505,0.9614245651553147,12.25582830779614,0.10054912421400847,4.4184176256317365,0.961293275688345,12.084435136642233,0.102299534687166,4.4674596186668225,0.9655935842883323,11.971720917388478,0.12032948221671957,4.433479226952132,0.9564767226553237,12.098634928402726,0.104283228044069,4.406010136433862,0.9614907236536057,12.030597237586985,0.12267361406816871,4.499237552259812,0.9666656711868821,12.362821709860583,0.12327069996901328,4.144592491087321,0.9544985077999669,12.237601571588627,0.12596026162730214,4.459418068914831,0.9562301243880436,12.358288698311753,0.125673434467491,4.448064296484458,0.9629404125293248,12.191594729068933
22,0.10162145023455532,4.230387724331262,0.9536278809893466,12.036566183632026,0.10301249226957214,4.136670702677942,0.9571362233568219,12.109903268537911,0.10696826523062543,4.234339696637134,0.9587611099059624,11.999689386527693,0.10162082236172892,4.230296819066491,0.9536540534778352,12.03856557032092,0.10284357220026472,4.3940329058327,0.955406269454061,11.939198977840716,0.09775937310697715,4.178416263355828,0.9514286489159417,12.096842259753329,0.10523384813358772,4.294022907324122,0.9556417064908734,12.101216418747153,0.100217857366838,4.34701240935908,0.9465026459933074,12.155514967698455,0.09892353503311614,4.311978512788326,0.9536992553736108,12.309402675325808,0.10174894057900614,4.123520977545492,0.9530823729382492,12.091838607616452,0.10470163518246543,4.363158633920384,0.952754931837793,12.000711802517168
23,0.10099650966322707,4.248686114149152,0.9439225096795527,12.192690948931247,0.09915913021159814,4.280597460912754,0.9433546657019146,12.33301950915501,0.09709251923580886,4.3280194528059175,0.9471910093112309,12.395136048247746,0.09779461421388391,4.244307864399276,0.9445896758018352,12.161578051051293,0.10106652001336028,4.187862516225114,0.9429347463285226,12.19354786750504,0.09913429545068829,4.327885554864537,0.9423213652222332,12.089292829138685,0.10005363583108015,4.173293238913554,0.9427090347274864,12.19276269242333,0.09460246362338813,4.274775121577519,0.9484814097207414,12.297826750307646,0.10305684801863457,4.307136954059906,0.9436159940989858,12.088031220647128,0.10016186806846715,4.227853109794579,0.9410901514429133,12.301458051798221,0.09586556324463857,4.165463118419336,0.9417894208745665,12.174280101346438
24,0.1084212245149048,4.45745262822573,0.9273991615688306,12.024538003982336,0.10615179311357428,4.449438093644659,0.922546652185593,12.058812742698235,0.10032071070445643,4.504347043114034,0.9243160210645847,12.030154533764444,0.09965631374123511,4.3930254947933305,0.9281782851440583,12.09494621473014,0.10336251623940715,4.300300616898282,0.9259668558514004,12.127923349429112,0.102505556905351,4.431035024893558,0.925807948310232,12.16792058699528,0.10885535536789129,4.425468688547238,0.9279963316983714,12.03080260625553,0.102722724091096,4.468878557332359,0.9275833437934609,11.934238953871326,0.09669355373813986,4.448617918640346,0.9219840573448183,12.031163486474172,0.10015506629192772,4.439227703388293,0.9230073007052023,12.037320570315796,0.11028539475921799,4.44531109790365,0.9272126848375007,12.101000723016359
25,0.09667573696183945,4.308293253932423,0.9176240726652287,11.958772795280149,0.09740515039652085,4.312138633203029,0.9153874276274617,12.129743337442523,0.09234234022485228,4.269984100385098,0.9208965864462996,12.026911056392565,0.10029659869307274,4.302298454375983,0.9160800756856096,12.029757654000834,0.09744603968780029,4.361811849148589,0.9177580710171099,12.06845317109219,0.09017251081587528,4.340517373770667,0.9190168566690241,11.86100276984988,0.09939452639469801,4.352526433719392,0.9179110433349188,12.026303422384304,0.09742510144567329,4.319116734742999,0.914925676870909,11.85887985879601,0.101875978779881,4.144467327646956,0.9180019260428018,11.813862009532638,0.10788856835913829,4.3130262425399595,0.9105369242353033,11.987415382063377,0.10015891504074129,4.313346756266346,0.9220964958928162,12.24963592760164
26,0.08968429240073966,4.100522302587445,0.8940650427390753,12.034507817832504,0.09569646731858729,4.23513658136932,0.8927548423105198,11.887199126728976,0.085646519196605,3.9571541987313488,0.8969167047638288,12.047812804155898,0.08946727213636724,4.1132404554234485,0.8916726832013406,12.020873407059362,0.09589662894950186,4.042051322893288,0.8902355044849033,12.074311635532624,0.09114073743224414,4.10877729457316,0.8939505779878577,11.989581351583869,0.09065698446904087,4.0939171140198125,0.8851548634513096,12.125723432948162,0.087345600922759,4.047090557983773,0.8898350357183338,12.02148144653108,0.09685272803086972,4.040452910190513,0.8878521883714912,12.053855716708089,0.07958379806273143,3.998022415363375,0.8882318624568472,11.971210821648858,0.08772246335954957,3.985809389813383,0.8875730129250465,11.919859167295515
27,0.10284086887276672,3.967473908137999,0.862349359072468,11.847274554412316,0.10460714580215014,3.930921767778741,0.8628582533077206,11.963443795340893,0.09656930338901572,3.9407964353232607,0.8595537769494043,11.839689217975904,0.102727380032137,3.968697421397877,0.8623901368476807,11.843937626546632,0.10122621725142143,4.048264952511066,0.8640868502471316,11.841460630196453,0.09794559343436801,3.887790066864133,0.8593256234756984,11.920495885225582,0.10618954788186628,3.93783859769145,0.8623868503276523,11.745404604130007,0.10624036096951028,3.8700957533999576,0.8544497665339873,11.818460835647565,0.10067425007677985,4.042749385695816,0.8659341573020428,11.666133341571411,0.10069815986530528,4.027002186929966,0.8641887502603345,11.729178455260945,0.10528302593468071,3.955095506625138,0.8633896631006832,11.941545604446206
28,0.12299426389460229,4.367614972418317,0.9358330319733604,11.741792798999683,0.12087380153924857,4.362517496930644,0.943231242811981,11.440853429950655,0.1283577520070933,4.441280509042587,0.9316132857721813,11.766776799986758,0.1230736362272922,4.368450718583914,0.9356371514120985,11.74711812831535,0.11831032037977415,4.455002608245179,0.9385492100488803,11.769877781071017,0.12230252758448443,4.4055181226938,0.9446641930052114,11.499382083275176,0.11470921464506244,4.304857304071647,0.9377037321251072,11.901410228073042,0.1293909785780573,4.249378642292702,0.93866040527319,11.598969902076762,0.122086819080876,4.293422274458894,0.9367678297865222,11.748484520764404,0.12194733173651386,4.176391590352536,0.9352159537511324,11.678323311456394,0.12040749648039158,4.259563880504058,0.9317626310740776,11.819650200323329
29,0.10016297155625214,4.441906148641151,0.952197012060679,12.107685518812254,0.10246556344052728,4.553687644148616,0.9503990728591528,12.076666696008745,0.09776746790449543,4.430911246133003,0.9519775724319637,11.995416346126168,0.10042559226481265,4.444952378894085,0.9521438343635046,12.11647338824613,0.09972525167401557,4.510083587288894,0.9467649366019603,12.195596553726974,0.10229322575791887,4.461813511525844,0.9473347446446804,12.07706373941907,0.10215325773257729,4.445628394188416,0.9544314762512113,12.319437388755334,0.1008707332485247,4.385117280082164,0.9502437485493059,12.226658095612445,0.09488731902670086,4.445548494626877,0.9503765721644396,12.026804830284215,0.09816573905760272,4.2958260721916615,0.9457399998752714,12.207450008836275,0.10165223618990686,4.481278625209475,0.9475470080077736,11.985437981105159
30,0.09813581439048051,4.194761339175131,0.9493410890210535,12.137689071556194,0.10282346879252771,4.095704815349036,0.9527580396609026,12.039191944615455,0.10141896667550872,4.284365889426081,0.9438796323192029,12.084636919137514,0.09816852793957757,4.194723706710616,0.9493074954046398,12.143729291493562,0.10066845599483043,4.2680764341296085,0.9491500456141686,11.984174617515475,0.09292322113213043,4.312377036945856,0.9573646897603354,12.105164720918692,0.09770722935701001,4.135797178935291,0.9491161449927423,12.196120586095029,0.09936786373030142,4.117777761144455,0.952325218757142,12.149606536108854,0.09740228717829157,4.2555887597779245,0.9522876398991185,12.197112976575124,0.10425461203922615,4.153772344855643,0.9511107165155107,12.190055392671654,0.10335254931374742,4.088806587954791,0.9533232188549068,12.296316685241282
31,0.12469473174576239,4.196956610604715,0.8956740940398255,11.654632283189502,0.12220224719739085,4.229972698695568,0.8878051310259958,11.67426648348102,0.12571087352988788,4.361017454570447,0.8995537300342799,11.680867161308067,0.12494418993606465,4.198647292750077,0.8959499422263532,11.656588502097557,0.13253886312686286,4.222869546970286,0.8921754529467806,11.631294576318084,0.119790563498187,4.128185433220777,0.8977684066055769,11.620395325143063,0.11530179690314471,4.1523824361707335,0.8932426616854049,11.820821823824875,0.12527391211884215,4.151914272934126,0.8950942672760408,11.708270424110433,0.12341838976686201,4.1251062467543305,0.9037899644904209,11.676598080583162,0.12934861595355843,4.321786173843981,0.899253422221357,11.639423244691098,0.12762765800873227,4.293197788977316,0.8998727903491824,11.38741523007221
32,0.09602623288275586,4.33218492910438,0.911405230565109,11.827404119189783,0.09756563660536657,4.33315905961453,0.9062645550590146,11.643311413934226,0.09305552935505171,4.358094085319773,0.9087540802925227,11.909862003865031,0.0960509233087588,4.334105065472027,0.9114682864050744,11.839662246802668,0.09900682721772787,4.276660354409375,0.9102071446348016,11.793359688394819,0.09443131911674071,4.26675883887423,0.9028320807663617,11.99156376971103,0.09627383915231814,4.275776092379785,0.9099567937821033,11.849794882954908,0.10527674839272501,4.285374255989319,0.9096437516787995,12.060764433198955,0.09713340776624971,4.360993520765717,0.906624540352589,11.950680881983994,0.09042017457977584,4.319894237077191,0.9111668584370982,12.06778631377133,0.09919100560641285,4.324527241898003,0.9058126214374569,11.914127642185358
33,0.10541525063174702,4.229032744720262,0.939898001651435,11.97557681008054,0.10141712682462686,4.258081934693929,0.943892227613332,12.107562329316766,0.10170049766342257,4.328269465064451,0.9343958531268487,12.028219464981193,0.10539131143900966,4.229328899220704,0.9398799898573037,11.976296988679138,0.10760817617462458,4.1999020940821365,0.9416967335766042,12.049971858412798,0.10515445294426971,4.137757298034023,0.9487954927436827,11.829589057063838,0.10494702007886857,4.06207598679334,0.9428397244237088,12.062936176305058,0.10465850864829043,4.16537021457644,0.9373994216351351,12.120409130779905,0.10882466883755715,4.282777117370607,0.9349575927168499,12.036359254816265,0.10337920560272586,4.333662115559146,0.94322592020727,11.899338007399788,0.10527347021505543,4.192821975468957,0.9428196967634712,12.137157271166553
34,0.10105931136031236,4.115373736509183,0.8881829251700691,12.338313385972292,0.10530906104047,4.113422330099014,0.8901070840974306,11.786221716184139,0.09978447895823915,4.219048822237767,0.886048408592765,11.978530583431128,0.1010939800156382,4.187456447849828,0.8911542584361197,11.87552910195706,0.09898974638976157,4.213019305602979,0.8911512930190504,11.903667082979043,0.10196406185300529,3.970275917682648,0.8851331735074257,12.32975419671726,0.09843153434194099,3.994128490631553,0.8892735740170824,12.303130050219881,0.10344138371440029,4.231165444419925,0.8941491453057729,11.91108562234372,0.10174621019078343,4.075197011992338,0.8903960447983187,11.904177580934535,0.10119529069397185,4.252615474330943,0.8845971178558771,12.414451078076256,0.09726527633291558,4.199799896863896,0.8882396736323486,12.444791405036861
36,0.10048673649893948,4.143525957688851,0.8804629768133283,11.840664314938422,0.10498534495494072,4.1530598221275845,0.887801792633952,11.94316517240431,0.10010103975627871,4.209527536275294,0.8859456442985579,11.929231751642604,0.10031126173412123,4.143725528513834,0.880561024332183,11.843092699870965,0.102253592059071,4.178517923496074,0.8756842495010959,11.945810908044654,0.10324748463360786,4.067488680999275,0.8900610392394599,11.660671488756972,0.09972700259521658,4.126873187388111,0.8794982567152383,11.712979361869438,0.10000527346388056,4.134106939820084,0.8766222648067424,11.694241106922627,0.09499529168855014,4.234345316717342,0.8787488951894069,11.772442855751564,0.09940283672040542,4.268930047017732,0.8810892933864682,11.711924740279553,0.09980224208702801,4.206829635828435,0.8755565357804159,11.770361407506588
37,0.09356418024254304,4.2524242932683975,0.9474891982322386,11.89325588866489,0.09436672471150313,4.381472887826479,0.9487415285707943,11.942070907110432,0.09200129010492772,4.381019560587053,0.9490201342354261,12.03614886784894,0.09350024301364569,4.252689561207551,0.9474599258177204,11.889515416993405,0.09570777600099786,4.34913233044673,0.947814312860469,11.756780765815066,0.09650597228473913,4.429217656155414,0.9421209345881527,11.779824547968587,0.09329777119944058,4.355495668093973,0.9464628953030091,11.859346449575082,0.09361201285898314,4.272252458730627,0.9475975252531936,11.730502641098683,0.09306029149070172,4.317056975484579,0.9477037627207724,12.005164919546974,0.09332513044241043,4.249663662812575,0.9453465836172139,12.02173223317766,0.09590430098101314,4.20993464747386,0.9446652559089872,11.780878575483245
38,0.09327849555082271,4.39026120385916,0.9442443247833601,12.067513048054439,0.0938368319542223,4.4895512804691515,0.949208707222953,12.130891522414915,0.09413494538147986,4.460798447796497,0.945410395360505,12.006796405010315,0.09335181928885523,4.389868518423704,0.9442828041261101,12.067092424083711,0.09346008301287857,4.354197488982892,0.9501972219429248,12.007766961826704,0.09144289544125071,4.446946845154487,0.9422964569289732,12.295139265637802,0.10064073678375486,4.546504225675682,0.944696371055147,12.108248566944576,0.09452550462465314,4.408646241184223,0.9448663520992469,12.060684111080963,0.09918051299726842,4.324722208363564,0.9435364941746738,11.988322578489633,0.08989717103338028,4.501664309170094,0.9490421524577533,11.971266601455115,0.08957150259876527,4.413287189924753,0.9437303313522853,12.192584656582357
39,0.10693159038776319,4.132202222164495,0.8765628833974155,11.849055478388971,0.10804091425551714,4.128069644831699,0.8749572090807269,11.868753075073784,0.105739763279697,4.054135016231087,0.8765760452240945,11.796530862707456,0.10735566370119844,4.135839122506795,0.8764452432756157,11.844972125699151,0.10108497964005357,4.1512804967156525,0.8783776100862083,11.909058996055895,0.10688557682399971,3.7977028397613233,0.8777416645652945,11.696699714800435,0.10481240045070629,4.212583746329953,0.8787759766654107,11.917806614311207,0.11260792772948428,4.120391799112185,0.8808667953351416,11.938960953728047,0.10791975286383701,4.093967123014111,0.8780641624106372,11.94461988799072,0.10569189522255186,4.1380440122692805,0.880350768932996,11.77632105879348,0.10988383967636814,4.0962583475504,0.878857153850099,11.898421659470108
40,0.10037034878718384,4.2425238323765,0.9417726523485954,12.130166205237233,0.10499887214545786,4.28255201103217,0.9496562559138148,12.022063490151444,0.10084738489049785,4.2910344667233575,0.9448080500825935,11.965060192323085,0.10064292426643909,4.2374883306731,0.9423628337479281,12.12872479390259,0.09827532887925401,4.270516953779819,0.9429527291868932,12.21639829134908,0.10192653689784101,4.248573167411645,0.9400789660157784,12.29522410895843,0.09546520301105929,4.320852417015792,0.9394364276382431,12.057726433276889,0.09753046798762557,4.271180667346067,0.9470358239160224,12.327672232735429,0.10110361223901472,4.243776702578689,0.9418543781947164,12.117989990418513,0.10284855919706029,4.389233837837585,0.9434989944217849,12.158003640039505,0.09827622063332743,4.355894458206314,0.9326087963698504,12.110506935204628
41,0.10290667107646254,4.179240797759346,0.8943451708094755,11.895777713469947,0.09998223451329757,4.176694164561379,0.895466033333238,11.772732943602538,0.10473212993823429,4.155321448371154,0.8953370441818432,12.160825716481686,0.10233107149830162,4.17708467178423,0.8951945922958502,11.899234840861086,0.09483704414585058,4.096903423853488,0.8937020406959634,11.827751046332114,0.09692218384401856,4.221578411225736,0.9002041060163977,11.89449490758395,0.10789426570889585,4.156968830351459,0.8909808550457577,11.917423179737101,0.10429413577364273,4.295505168620794,0.895789608472703,11.871547420716732,0.10533988509561856,4.316066543577304,0.9049732426069752,11.746717152405106,0.10053644891513928,4.183164584757523,0.8978845268558094,11.924262156161324,0.10382166904465372,4.189722903636945,0.89910357208725,12.028975481884755
42,0.09331251247735745,4.410836913572228,0.935210209089121,12.045751537728917,0.09862838484558686,4.436776156610791,0.9320998351885008,11.964480936274608,0.08906656967879487,4.394647703455866,0.9304579334325523,12.069749359037516,0.09331069628930294,4.4110923300824965,0.935203866015642,12.047654357971798,0.08796714868476556,4.365389063002074,0.9387424427517644,12.02930440672707,0.08979498845538028,4.403630358496451,0.939969013609223,12.050805647308644,0.09248783231742315,4.4631225351339054,0.9341768440140449,12.014561873948553,0.089836024752432,4.410738131669462,0.9315999658169337,12.139320307173291,0.09945836466389628,4.350383892561,0.9317785577653813,12.011327965876193,0.095707546236609,4.266284375924415,0.9352535815216323,12.105611991893397,0.09168356129266915,4.534951415070177,0.9445268547418609,11.96097855732714
43,0.10013683188181595,4.2636810617297645,0.9381861822571191,12.053281002017926,0.09501183753887014,4.244538137002332,0.9335476142688692,12.050755388971229,0.10191655078517757,4.432574143207331,0.9460916230907807,12.042360498532457,0.1001559015307793,4.264339639157675,0.9381881340234622,12.052524510579282,0.096107315408445,4.246163791206358,0.9445608810549933,12.279155789458397,0.09876581645589613,4.144191285650996,0.933563844462811,11.940311590840434,0.096831221902988,4.367042261332667,0.9394981514593994,12.042653122662996,0.099771494170163,4.133395083097187,0.9467393832789972,12.018431242075208,0.10122834798344742,4.2496132421632895,0.9319422629725639,12.043034661264812,0.10060214404858,4.187368030996397,0.9357913698746056,12.103417621086377,0.10119035430725971,4.203253194321711,0.9349734213839564,12.051118787647729
44,0.10188424554152116,4.417582889214364,0.9668007943256582,12.272442110988752,0.10955688926138042,4.399630347492025,0.9704319121744778,12.284599463442524,0.10008430449481528,4.396629212144874,0.958966833785304,12.175443489623124,0.12857617449094488,4.503049867921914,0.9538226674628439,12.511057595871158,0.11808182249120144,4.448920563916595,0.954125594778241,12.498785156755133,0.12076177533760586,4.58849000745636,0.9561414113973213,12.624335905343097,0.103165838041105,4.60378217150128,0.9642519156773421,12.294516936460598,0.12993877580345814,4.50215904837126,0.9449302580361512,12.369322962690148,0.13063442850478016,4.5274268140876694,0.9565753125940606,12.544691405887578,0.12426968357225,4.447070185764843,0.9586753050638762,12.636570500731068,0.13926560792055986,4.453340700571694,0.9512269318592106,12.547112998679683
45,0.10268361170030565,4.38327760719767,0.918277012853591,11.991268315259155,0.10185323319542672,4.273279606921266,0.9189388403303015,12.074931554642054,0.1072403249767073,4.321488167355382,0.9212637325241192,11.87836428257891,0.10192292783675222,4.387288921341068,0.9183347385801215,12.043034052519888,0.09846071869178215,4.326384300925924,0.9189260400746948,12.252919171675918,0.10376123964207958,4.309915474267548,0.91026976391235,12.083410413088234,0.10361395246456799,4.444670795397256,0.9191899386782992,12.02777272924979,0.10060241108965542,4.349981891627218,0.9188859511420256,12.22709566231694,0.10599748271811142,4.416243579547576,0.917108383150642,12.008984651988543,0.10652425044806228,4.359117436724824,0.9183582066148501,11.892732306754166,0.10468065883279086,4.394572424123544,0.916318065406706,11.96256495344256
46,0.10005784959513117,4.132527083696114,0.9281982015091143,12.006602396809008,0.09303312359791358,4.15764857365597,0.9292634647338601,11.958142034488196,0.10333102331032015,4.121960168831891,0.9293924430921018,11.898890818762622,0.1003977775487658,4.162233763057755,0.9285817686773586,12.021140459681073,0.09957852989532914,4.095631205508677,0.9240487544475207,12.15607164671859,0.10777358212478429,4.047237965339288,0.9233678976775553,12.10284988194598,0.103879806111402,4.137865760998012,0.9273057342763301,12.047204516466536,0.10626191180710086,4.123891848908513,0.93099641057887,11.776876764796187,0.09389263504311572,4.240838637663531,0.9317968924762791,11.862864613711656,0.10357660867460515,4.189362707404966,0.9247440141583086,12.105544623884848,0.10211327310076243,4.18101140966415,0.9278119263602873,11.825350856397781
47,0.13388483934924789,4.175653996387914,0.8597405343524677,11.534870137374362,0.12926532479452058,4.205636928665306,0.8554006246613491,11.527801155973437,0.138057725198278,4.182584152163411,0.8600186071341623,11.653226780083523,0.13467299383235937,4.171041821764401,0.8594409035031056,11.497578525670667,0.13354162875690742,4.049339216375356,0.8616276092512783,11.455901849656973,0.132404316829584,4.23468541673582,0.8555622135653559,11.506940365511074,0.13623389321160315,4.199608879684537,0.8608171149778236,11.539552361479926,0.13607068732936686,4.253331217025161,0.8573823149253647,11.365216038159433,0.133290753683644,3.9397781634106317,0.8627872803405835,11.477577624799883,0.13472307011177484,4.197754094310742,0.851556878460397,11.566679664017586,0.1379788623057627,4.202161194587576,0.8612940193675903,11.650803370648548
48,0.10147929567587581,4.488062004888605,0.9671192681935596,12.113394584685343,0.098092327093529,4.630442798991504,0.9658604177753449,12.102131548983294,0.10199100048105844,4.423154983084628,0.9688827914730405,11.980146872762564,0.10180297114636822,4.48658769952057,0.9670964379853275,12.115443568738215,0.09590556999474499,4.595171642187222,0.9690901986703606,12.193911340091018,0.09945028155102213,4.44452822651141,0.9674889954160122,12.282087592385036,0.10891882945996757,4.554065505685862,0.9698987566784151,12.323785948345508,0.09792579856178028,4.405349348753633,0.9678274253902076,11.967268819447709,0.10248799420591428,4.494280657653857,0.962102730570584,12.162691698446283,0.10383741949944984,4.463821468663505,0.9636091303545212,12.074295666262982,0.104597144018267,4.51242903287388,0.9694358416412536,12.140420843273299
49,0.10931048572076457,4.329655061895459,0.9421200610219196,12.019650875184185,0.10934596657912957,4.267188141713942,0.9463066714126945,11.907001500116191,0.11141186084553172,4.306827598131827,0.9422735322103927,11.926957690282306,0.10873827635074157,4.328351896136982,0.9423822286709422,12.004510783819727,0.10588112640313085,4.479865981681711,0.9397392960085214,12.020851767065277,0.10474753728138629,4.457295218179515,0.9398895992201376,11.929524617771522,0.112564543158545,4.3255878628850155,0.9413684782018504,11.802439238634788,0.10606273751677416,4.269429466123902,0.9432331786169772,11.802631049893865,0.116637894442699,4.359546273951994,0.9425944142498704,11.869639990402755,0.10909462580461729,4.301677369981234,0.9460826608293997,11.796953181512928,0.11104878270719472,4.278139017657397,0.9378301185561293,12.00780555036314
50,0.09884155920203311,4.343212187638478,0.9450876537107253,12.107987906832852,0.09232717216494914,4.3403425593082305,0.9469788120469546,12.157863977190315,0.08794005184236572,4.218106771616092,0.9409683744410106,12.227010214847278,0.09878616261368284,4.344030184085103,0.9449049973257474,12.111692616047232,0.09448714670935929,4.278721274987558,0.9395389655590034,12.00977053576169,0.096241994205271,4.1994395102954245,0.949776398289684,12.078856801952707,0.09866520687727685,4.309461806436112,0.946874967392075,12.225380082541244,0.095627666403502,4.21528753777293,0.9463558412743822,11.96282486601871,0.09743707918800729,4.260245852801068,0.943722916629895,12.114368807240579,0.09943521780641758,4.411913479420764,0.9419055346330928,12.039649800554058,0.09724674774259957,4.315300252481854,0.9425603550340551,12.23981213450006
51,0.09970860521258239,4.282333127230213,0.9100598671579159,12.070153583821588,0.10304610093362429,4.270949115261064,0.9070998718762394,12.10529650106595,0.10777970182750786,4.377919649618396,0.9042737520811254,12.238436967114884,0.09967267599874235,4.281424817288553,0.910132077737501,12.073184515972523,0.10147325560748142,4.312915156986717,0.9166128278489787,12.09018481932773,0.101347181601231,4.20881305076924,0.90957406213606,12.055389033205604,0.09633099556272842,4.332206886574489,0.910684700440146,12.037814404180036,0.09608086491894356,4.351090638702553,0.9119738655105765,12.085153962000257,0.10544512375616714,4.313690595742007,0.9111326327804464,12.100137454102764,0.10171180764060228,4.255733700017551,0.9078379341540109,12.032547791449682,0.09962288551075014,4.204797023401126,0.9084034217533866,11.995184806804355
52,0.11310458544526715,4.231754026188331,0.9565511638546792,11.804205780498915,0.11226742351704785,4.155274111884464,0.9547935292077361,11.914999532205414,0.11561673629561185,4.231110892368809,0.9619830692939709,11.845314778629103,0.11266430443559271,4.23222330367699,0.9565480383724476,11.804094881157006,0.11292612664245386,4.379523636272426,0.9555879638439635,11.714938470938765,0.11171001350406086,4.163832006023138,0.9617160483547063,11.847720471600654,0.113274437090167,4.192740750288833,0.953458463530365,11.837152708356786,0.11037297718604157,4.264327202347762,0.9582026316888096,11.878784472131413,0.11166129666832843,4.135812882796387,0.9584497187261771,11.86860077077247,0.11231283897236628,4.2457953446194665,0.9511491670787023,11.761941036459076,0.11654896011039242,4.326041042608847,0.9559805820781112,11.85151414040653
53,0.0965559475840565,4.473679426361127,0.9634777898824363,11.940376127452915,0.09961914826255427,4.548125809435021,0.9706668280134876,11.893337483815886,0.09710668600135672,4.4239471051404555,0.9642051203441684,11.998308748993935,0.0964807480870712,4.4738178079549416,0.9634905678846981,11.939164697625156,0.09829752546822286,4.609794115645455,0.9579674109745373,11.968517913041742,0.10015615043742657,4.328587585984569,0.9645552192678688,12.057124329086946,0.08797606110926057,4.482656895729454,0.9607684082147339,11.998976738027986,0.09886652180875673,4.511500258814469,0.9639945591192027,11.730294578408714,0.09621448781469,4.495477400770014,0.9624921311805412,11.951559439944722,0.09914306349202685,4.378660930173859,0.959375643913193,11.736690140334385,0.09828471620077958,4.225219370816687,0.9655136329658545,11.939493374581579
54,0.10010313964543317,4.342634345072191,0.9287337120748406,12.021180634866758,0.10113825243793599,4.261430732566539,0.9309916778866264,12.052045279121302,0.10300495099795529,4.289347093717247,0.9292779810837262,11.93622038911998,0.09974674280016674,4.344950542573025,0.9283018854337131,12.03206767547961,0.09739882432993029,4.509116789101278,0.9226327995588426,12.045395805245787,0.095672307613776,4.229463404863792,0.9287816925257218,12.12880882577269,0.10450819618484429,4.452807139113211,0.9226185832420771,12.267142125904396,0.1046637442271997,4.280393137642099,0.9375423701317541,11.843886941975823,0.09568436134430057,4.337665332979987,0.9280451837804152,12.10126809092514,0.09567773408092628,4.2706960514910355,0.9377198636410874,12.182057943357481,0.10123048001034758,4.3317208302692265,0.9317296082030897,12.084709548229634
55,0.10372141797975976,4.248620015650732,0.8909470087595659,12.129370671908797,0.10502675685570015,4.170422096962034,0.8906464135136957,12.123130405138246,0.102554279864228,4.125352969380459,0.8863815898097204,12.257107755218035,0.10406795818555074,4.241358370641554,0.8909247300656816,12.128498137270151,0.10682143651695286,4.302092983832616,0.8959162483694982,12.267367570241236,0.10347610978519842,4.284378533172194,0.8886106551539817,12.324686752637106,0.10238176120253299,4.135873770576863,0.8958734062889085,12.131272120464242,0.109428506613526,4.153621587477988,0.8951303435189247,12.17580466704673,0.10778270233259171,4.2361585208160095,0.8904441618191511,12.062688916137068,0.09963517330980513,4.216494991039331,0.8928608762325789,12.1498629307153,0.10335479738635443,4.292309023397727,0.8926021058512402,12.010640829733697
56,0.10269910369308932,4.26664634627649,0.931963221125065,11.82513036817192,0.1071009177612,4.251103690061913,0.9285843850172816,11.830580895723,0.10055793270132199,4.308430267525738,0.9268098210618331,11.828516835683356,0.10266348092678759,4.266971054798365,0.9319584043480504,11.828140748841786,0.10407406294787057,4.303620150761669,0.92863493743654,11.77714071729376,0.09751334028521315,4.231102949892363,0.929845169489802,11.888816954985165,0.10241298072964114,4.301743433729767,0.9275440466354942,11.76637589869271,0.10275032157942414,4.1443764552279125,0.9275715373543606,11.747258797275183,0.10176819183017258,4.312446941976463,0.9353704307943937,11.73086801010619,0.10269394201675486,4.1550118611166225,0.9376345917224781,11.870451281858811,0.09258768837565658,4.331904870393683,0.9406024449605436,11.774110297904334
57,0.10484209258034217,4.157745446180153,0.8989405025612114,12.069646697536049,0.10441084420669942,4.1802928222244,0.8999890167114548,11.964429923494107,0.09916244437059328,4.16769384927117,0.8943065068538745,12.090872572977926,0.10464231190947569,4.157619773502002,0.899026341227755,12.070073502870772,0.10358124012439014,4.065937937506652,0.9034135411254535,11.957503753787089,0.10368526347903614,4.078277083067342,0.8997741831880356,11.798543237698246,0.10456877493744143,4.118656719393729,0.8912269487262796,11.902789714413103,0.1029245766710487,4.152639822694171,0.8953497365004807,12.160458507165497,0.11481937630672587,4.121894862297258,0.9040145924060184,12.137455776514022,0.10293066249383313,4.278685459554923,0.8983159071608542,12.30874051909869,0.10503551922818029,4.233039583951369,0.896920038395986,12.05566811069519
58,0.0956012516600462,4.329312867612135,0.9592883183925368,11.927341072809416,0.09753622050925857,4.398583409658816,0.9606634726038653,11.86732455956155,0.09207507561811257,4.378112808482034,0.9562674096131737,11.862992668618839,0.09515843915004504,4.333383447529935,0.9592218249852817,11.916793963180893,0.10134059598530486,4.231725760369954,0.9578940304041682,11.970227576095068,0.09025224356233472,4.345166973711543,0.9661568993565547,11.98229366759388,0.09568618883932258,4.366518125810088,0.9579780691313796,11.868382258517247,0.09866947634482472,4.263177237746366,0.9609299394485327,12.067441562193595,0.09574251441414443,4.4760264541429065,0.952789792993183,11.947913496405203,0.0909742663752007,4.3631107143345345,0.9628273769811712,11.784875671207919,0.098039084263052,4.274123397581331,0.9570791610229824,11.917851239066835
59,0.09994486484664307,4.156651225919461,0.9059052153032021,12.063904652008546,0.09660721372324729,4.096724896805471,0.913042460692387,12.123451019321505,0.09956882344687656,4.161949967802298,0.9014811683839934,11.964309939847254,0.10015327506122505,4.160366897696252,0.9058543018634843,12.07949827882944,0.103933635728631,4.280257492563602,0.9099059793740166,12.155644724165983,0.09950942090884858,4.101571050246241,0.9082391042473302,12.192431585354381,0.09286208615062172,4.09170492248398,0.9070786666315385,12.014092398002033,0.10086509223859043,4.092397867744503,0.9056666888870523,11.886366068040795,0.09569866483493042,4.187146225601955,0.898909713514458,12.050613038355374,0.09627154021384657,4.226220853343976,0.9077520896258982,11.97291896753717,0.09714451976510029,4.044150259928508,0.8985623543514626,11.878254057837637
60,0.10629736599913008,4.562975432705196,0.9521661626349522,11.792488964380826,0.09666098983450656,4.481838222601769,0.9624089818982503,11.938564680227392,0.09794208370937986,4.474598636984986,0.9620759914254503,12.03932801714761,0.09546815565731925,4.5020632691224955,0.9571779850481441,11.903341128920468,0.09942323926725842,4.336861840063407,0.9651272675943152,11.860041167505383,0.08730930438761315,4.596425677062934,0.9536352490116589,12.059217870484876,0.10075785961850757,4.584238157658114,0.9516617338258336,11.727067464388186,0.09689690654935414,4.5066448336628495,0.9589163714300669,11.966954977523963,0.09628292891234384,4.5080394912142046,0.9543430892061139,11.708291398764603,0.09820786816931872,4.564478110030101,0.9565638774947738,12.028912237942455,0.11019492682595856,4.546817893574906,0.953609750703231,11.806933868476117
61,0.09758421002836057,4.2704978970162095,0.9423127331974259,11.950105266724362,0.098254188597022,4.358081223742586,0.9434608255434803,12.017968147283598,0.103793277248951,4.258057637098106,0.9419239938086662,12.186848855950354,0.09807659133627221,4.276518730612256,0.9412773013830249,11.968254664403263,0.105889261934884,4.252131560870081,0.9390333175574713,11.853368986293434,0.09913337158506956,4.286567274230961,0.9390902607296777,12.051619631558946,0.09137207929883842,4.253482834129929,0.9403155875383337,11.884350027236598,0.09584500967249743,4.409503815992796,0.9363802792855777,11.946125692982642,0.09378994688491842,4.224629344376969,0.9424122709053242,11.968154298452859,0.10449008500440614,4.204711753433544,0.9407661687397206,12.068367288032244,0.0996257994635313,4.21003237810339,0.9441411958964909,12.08046527383533
62,0.0978946627974443,4.373961204587411,0.9257035669747962,12.097874048251915,0.08684522821728072,4.353838830581767,0.9265530179213076,12.077064791712287,0.09991108638411858,4.395339525355807,0.9239693978248554,12.06185291127654,0.09789461348577161,4.374630624232706,0.9256518810314485,12.103825162787844,0.09788196327025929,4.358585750529132,0.9207219909413917,12.15560626904004,0.10463694174349285,4.427081526151413,0.926643427724834,11.914518628914015,0.096633919159462,4.2371027959336445,0.9254575026755779,12.420947235052466,0.10058524923132459,4.365146644654656,0.9227535566401122,11.990346638300469,0.09894569701806673,4.501589079887125,0.9173881413658067,11.985075313998466,0.09631205592872072,4.28841926588,0.9296358413746856,12.05295003227863,0.10295833136171458,4.36971087915762,0.9245907586485921,12.137470589493029
64,0.09668896979514399,4.234829546658066,0.9101766810621188,12.065407268895179,0.099341391753063,4.285692438604374,0.9116187627043002,11.980826920915247,0.10063247924553356,4.26829811050246,0.9173285855834595,12.20227318539356,0.0962947179242148,4.2341140403477295,0.9102738107141484,12.048575517794193,0.100826125387615,4.157137835136636,0.9117257902100457,12.191239999286662,0.08975793296782772,4.177555563353225,0.9101527054553503,12.074210449764488,0.08769218649798957,4.248704964150752,0.9138818606433246,12.167461902425316,0.09775719723754699,4.226396654217796,0.9185425176900207,11.985000777725702,0.09846099922670985,4.179405556877969,0.9090355650121117,12.191754084947677,0.09802748300856486,4.232859508729507,0.9119745412265275,12.010433354391926,0.08898454299474028,4.1866000503782175,0.9089187083594662,11.926474293575849
65,0.10097521919042605,4.312186927721973,0.948260529944388,12.040608020443077,0.10749230220575558,4.241343152246202,0.9431700792887632,12.063331276185831,0.0980213412057753,4.292219040806694,0.9504738513306733,12.057910672970277,0.0990745680937317,4.30600397346414,0.9481210291952481,12.033989205898928,0.10024844207569543,4.2547538203906035,0.9507307021817881,12.13148878080487,0.10168503697204427,4.463175635286637,0.946191669806257,12.016025925011801,0.10580978423292013,4.159207343705293,0.9490382330345948,12.131468333106282,0.10201286172303957,4.325799171938988,0.950007822550397,12.019603422441577,0.09818992463325857,4.195991169017131,0.9442447262909942,11.957894404174445,0.09362166672298929,4.316650858854794,0.941063350626413,12.172056752373008,0.09941568861602958,4.291795856661477,0.9493037406210058,12.152956372021674
66,0.09528133553328233,4.277338775750516,0.9465784052720543,11.898760632335303,0.09442060328865043,4.353722504561006,0.9428923668430912,11.950137528025076,0.09623872325822815,4.216113144415684,0.9501152144543512,11.842513758393178,0.09580939690594649,4.272136861105437,0.9465952257948683,11.898209517446322,0.09557159617714743,4.237120464166841,0.9503879834909769,11.879595956574903,0.09251033645768,4.308760775025741,0.9511165032177008,11.879273083110622,0.094965982867242,4.367262619550028,0.9457066074047354,11.694765880825482,0.10292301639110486,4.302375197437253,0.9414408461986037,11.742689069940337,0.09505601125221771,4.339154013409586,0.937431224357612,11.759214653295937,0.09844997532089915,4.317621440934874,0.9468713434502903,12.045527988791733,0.09522063508492999,4.349901037801465,0.9478300357072571,11.775464947457989
67,0.10435094399608831,4.2818392539815004,0.9358660556344316,11.819860506812724,0.09387111700111514,4.259911034963177,0.9317312696234831,11.94285839711687,0.10505335621400615,4.327288879032481,0.9376640515386884,11.853695282689433,0.10318781204380406,4.2914645054770135,0.934820955267685,11.819583051769508,0.09319340515532701,4.29520020432184,0.9341964732942116,11.85320857875411,0.09727633807317142,4.152974986899763,0.9270012910470947,11.759289136608194,0.10725474956531571,4.293223474873793,0.9364638713933712,11.705759041993831,0.10599400821755214,4.198159564557676,0.9376348220786915,11.648683334029233,0.10926390706916343,4.285011790130297,0.9334498274924499,11.94182973538423,0.10302497760400543,4.1667824936295315,0.934032714077443,11.73187561879846,0.1015555561265223,4.376916819350474,0.9395088786613843,11.722934051178077
68,0.09874187128213992,4.254029977784311,0.9322265560596095,12.089793164529135,0.09558032566676629,4.204756028477187,0.9302145925647792,12.058150785096384,0.10350004732116456,4.281080835259006,0.9217522558650026,12.049789396773653,0.10219367510427552,4.256523139360594,0.9325603805827863,12.058390973450209,0.09361282620337286,4.181477081367303,0.9304454242763857,12.11830849495056,0.09923211457559657,4.209067649261939,0.9325279488360625,11.958147546201962,0.10749963213008872,4.29090570673796,0.9378618198354773,12.111090557005586,0.10011635389344516,4.18331342671915,0.9364733402451539,12.279370891117546,0.098435750132013,4.340537978141012,0.9354296733076667,12.004204017454141,0.10614361455922872,4.2605305380463525,0.9326588496553366,12.005219084458998,0.097483228422384,4.25289760723117,0.9312159420964168,12.019855357767565
69,0.11091847892212918,4.257957161944293,0.937037369684427,11.761041527334307,0.11121236722864714,4.17547908219264,0.9369604973543593,11.649147309248466,0.12149316834991243,4.184409208692634,0.9452746560407045,11.850984268153379,0.11130060716519798,4.257425468784846,0.9369359563608052,11.767970591846172,0.10807893766428743,4.27430461421463,0.9345976708105482,11.652258311567465,0.10667216284092114,4.126335167640941,0.9326644882792442,11.864114107475947,0.09928053634815315,4.1053836234226955,0.9380202371059413,11.750101899151009,0.11056586011949956,4.161244450034844,0.9365316789692079,11.79233281141161,0.1146341336302353,4.344018057908422,0.9381022800998714,11.830207438795204,0.11080425359821743,4.307916050663658,0.9334112569979719,11.942260508975783,0.11069819292234585,4.217498141936052,0.9361887593870373,11.652588376524452
70,0.0945987390609257,4.26677302601364,0.8666143867690939,11.925869359545521,0.09129013678176487,4.198787573622728,0.8692934653695534,12.087979990647629,0.0914189988125463,4.262791179432202,0.8624512188169996,12.00499279010968,0.09520340960683757,4.266005754727223,0.8665720169922158,11.915283041309003,0.09885805221437571,4.335382746068812,0.8616919248931786,11.887789985895376,0.09660104873126356,4.374750710000582,0.8634029474379686,12.056417733855787,0.09253145472571414,4.268085263129588,0.870737577723402,11.906333908207458,0.09618285347990228,4.263558942843017,0.8669360466209141,11.862052306162573,0.091590894359261,4.185393195197449,0.8675643449223355,11.821048368512976,0.090231946614991,4.3415214083858915,0.866356088656686,12.068264278143475,0.09727066126407127,4.247593178492599,0.8638773410519799,11.87429619201576
71,0.11215827315560484,4.321915712367677,0.9386268644597562,11.84656357262153,0.11812315525243686,4.301124756813293,0.9446197132601691,11.954594091373234,0.11404719295058773,4.389487908505798,0.9397617178502246,11.789590753989756,0.11494994225419654,4.351905570278066,0.9400776187696572,11.8539362900649,0.10904250635265157,4.363616293275003,0.9371261269778224,11.624659508837107,0.11317309531330043,4.385712264353791,0.9457968550961494,11.909239586783178,0.11194771416200429,4.361518420546477,0.9456603251506502,11.700877068008795,0.11149096919965014,4.369930520246938,0.9383391192117283,11.833100337365831,0.11085816678940585,4.296019974236676,0.9386139446153987,12.0572043780338,0.11054337971943329,4.243793359058709,0.936192300149281,11.769029565034746,0.11036647965911014,4.219439776248079,0.9375326316938164,11.718403497046014
72,0.11235273412232798,4.188592331804244,0.8995039346549168,11.954809922793384,0.11203442838871715,4.071469094331149,0.8991083636874446,12.001160291397989,0.10777514870579814,4.18674466672971,0.8985379684175889,11.844921243943492,0.1123308019092289,4.188164057415792,0.899546133862407,11.953319597105056,0.11131099080742814,4.200939324189916,0.9057373402430537,11.946992944880606,0.10910701445155986,4.09934257494591,0.9001695687798945,11.78052318598129,0.11635071487063299,4.1456763948646085,0.9013495877673038,11.97703728114969,0.106506532541276,4.178047907121916,0.9070462287979778,11.810812020215222,0.11608308455073386,4.077121169112114,0.8920122791909655,12.030619181492515,0.11164260745376786,4.15489124679831,0.9011958493771737,11.819784386568275,0.11299417248726458,4.046572519482773,0.8960389036176453,11.882238084301411
73,0.11775111468268401,4.101710745242097,0.9126468676332693,11.653546924174375,0.11933400528824287,4.200525561931701,0.9177579129319968,11.61168553216382,0.11529293941270272,4.149023950002956,0.9095630737623183,11.66522777672082,0.11778826066747955,4.103075119599066,0.912557760912426,11.655724545115046,0.11557419793860514,4.159659277405197,0.9144365871329244,11.507891973623586,0.11276858725050329,4.10144855707791,0.9067993243973822,11.58446020069959,0.11926786616597958,4.022302763590233,0.9105779655935191,11.51726696590593,0.11688768778680671,4.153158015215855,0.9143420521162196,11.38979003977587,0.12228550447505228,4.157212637861293,0.916448684043764,11.567967930529422,0.11523714322123187,4.082199135793591,0.9099672857225151,11.650940556281174,0.12261747969342958,4.133738341312037,0.9127632136778063,11.50572783411829
74,0.10441372903445217,4.430071408621045,0.9090466105890553,11.992411262509792,0.09755807234304728,4.345593412320971,0.9132924453736558,11.896126070729096,0.10639264524216759,4.461740971470244,0.907452438216548,12.110093855965498,0.09784926067020054,4.436356772134555,0.9092608513071053,11.878174504939496,0.10541235757249787,4.423415305503255,0.9100233292129289,11.810222599675246,0.09298901288904057,4.448464700417996,0.9128202366516566,12.076121642132607,0.09879006624024786,4.403164732610983,0.9125443535531,11.924802500657497,0.103766432072543,4.433264481936884,0.9105738451181429,12.025122640485225,0.10251053061112257,4.445448596062252,0.9050565454564669,11.995668367953334,0.09607932096527286,4.490944617095473,0.9079509167279912,11.928448651870085,0.09815660657506829,4.499119224086533,0.9140354460405327,11.98853834172611
75,0.10290352754781444,4.35188983427159,0.9349357304536559,12.04003352443973,0.104869189574335,4.402095429538524,0.9340319123107231,11.92380787560897,0.10174231059748258,4.311772890775447,0.932414296764341,12.039074442864822,0.10321336781750672,4.349953655745313,0.9348386715662593,12.028655872397339,0.10327019476049658,4.352234501106784,0.9361929367513514,12.318110505777922,0.100292539518582,4.434154417883628,0.931960412244332,12.105896013327975,0.10345049001765072,4.241018622095642,0.9378530356343152,12.048492190733173,0.09938498341860515,4.318114857877158,0.9300343643925484,12.119246343900349,0.10269034043121157,4.312534156846895,0.9291016402718651,12.296518558417953,0.10437632662934829,4.508003912327743,0.9338544879329439,12.085276496724566,0.10290966996976428,4.2699501868519265,0.9345305177229671,12.27056582296518
76,0.10954388944515955,4.22816501984318,0.8549367711835101,11.978876113240496,0.10067693852404484,4.220372613262431,0.8491642956924093,11.882395998793799,0.10371020265920501,4.253381636365398,0.8595792146258006,11.925249745495892,0.10962503117830528,4.227871500537577,0.85569338798834,12.006230788722185,0.11180836569193729,4.335308049532695,0.8586494755683686,12.083997033401733,0.10721741782936686,4.1624637412303755,0.8525559614687965,12.16905203988019,0.11091006115790128,4.360256847263153,0.855263836552186,12.061338537106568,0.10641298926372471,4.181189434915088,0.8644149199775428,12.076192157576887,0.11299426223568414,4.2610261767705895,0.8543800147213043,11.901548608959658,0.11028003643677399,4.077230629544922,0.849123956465026,12.08684037108399,0.11076589862447328,4.1740048116360535,0.8586929200463684,11.920885731841263
77,0.10303199688340306,4.364619529054468,0.9491154411225189,11.837257512828002,0.10540268064976199,4.451369569194732,0.9448389654801277,11.694989805541471,0.10203667275984643,4.34966182035639,0.9496497824505639,11.733691059632607,0.12431562642382743,4.370925597224112,0.9362004689834583,12.006870047436259,0.10772571201398543,4.4915111014730975,0.9457660760670105,11.649107047280953,0.09894989607990486,4.330532229694203,0.9498821080138873,11.945444132298293,0.10907258722955242,4.29194994822578,0.9476784237290395,11.966572314941356,0.1229647151652373,4.246366869046751,0.9309407772483256,11.870451001207169,0.123300653208856,4.369281658384215,0.9294699978516877,11.979292299822063,0.09710559405061943,4.404933718467758,0.9454865837126388,11.91350624640844,0.12019711101117071,4.284001009683531,0.9371248599635064,11.77690854249065
78,0.0971656017702028,4.343174249194346,0.9303040620505796,11.891124761234188,0.09275403586879728,4.2879529873036235,0.931545854148258,12.051919944295225,0.0975229808026157,4.300053274782061,0.9313408009191335,11.976377209932737,0.0971346259519597,4.34298002616261,0.9303405645309175,11.88380268553392,0.09812744009497386,4.441575074657426,0.9341821864580695,11.817796322160945,0.10415686308054257,4.2774310928217165,0.931477812596729,11.915962531628619,0.09281900536586628,4.310594019250229,0.9306798094295438,11.737456929773442,0.09450963844241429,4.405273784210959,0.9313497184698422,11.946181497456136,0.09429049913548557,4.4380051788787345,0.934260221647474,11.880241223555098,0.09013600306475714,4.161104490654353,0.9306421841018816,11.981893471178655,0.097228060511991,4.451099293423467,0.9358764743406124,12.0425992286678
79,0.09758074970816316,4.152067351972608,0.9332663090110638,12.037335124053316,0.09744586104857114,4.0026148271200475,0.9372643216254791,12.020591325403045,0.09857067442243014,4.238917553927737,0.9341000515814603,11.770010240027776,0.09721997265771434,4.153374328346263,0.9331562903104066,12.04083976022736,0.091670413651709,4.095469272398337,0.9358959978626288,12.296698493414794,0.09567398058791514,4.207699967314573,0.9283763137669496,11.929087338630866,0.09679568081659043,4.0820425035906815,0.9343492855012707,11.922159728414,0.0981171490040487,4.148751256345984,0.9349001885704641,12.104102546453877,0.09759864726680671,4.048275945785015,0.9286988501124765,12.152577686059898,0.09515642315950071,4.125898471043539,0.9387315733833715,12.198383693846084,0.0889711530332,4.128239373364194,0.9356728115110003,12.039116864914073
80,0.10018234164859893,4.287166737276176,0.9408968655814617,11.975768602108296,0.10203303501957099,4.4317086015470375,0.9425635100850521,12.10118761158846,0.094754215860841,4.301798954913016,0.9345900365133591,11.997130296920389,0.10017550161712419,4.287381143675688,0.9409496222595182,11.981694316046273,0.09118347881058443,4.25561402454746,0.9390389436231992,12.221004049226298,0.10352438896704971,4.3695563501567225,0.9477356503548456,11.972909738643725,0.10715064675095014,4.231051890461315,0.9443824664416178,12.064305017766804,0.09543559391084443,4.448610127667715,0.9466630088075739,11.857224630421902,0.10501706081122757,4.300356863040621,0.9333168918056588,11.966899807466206,0.09671499189770129,4.236048596893262,0.9447871664744513,11.877703761157898,0.10074059049188513,4.402039204167094,0.9461775851429775,12.064750726340609
88,0.09799236767342921,4.401677400929924,0.9471772216362839,11.809987474274918,0.10383792491362742,4.353284756740114,0.9513057429458914,12.145060587699476,0.09691515835307028,4.447060998442929,0.9490468346865661,11.827128949338244,0.10124315388783216,4.400976195461572,0.950659393410257,12.061882613784576,0.09406185772315914,4.416182524153575,0.9481744671510363,11.95836491911977,0.09712284181255185,4.507459715199618,0.952614703462519,12.206679861620389,0.09938210290726486,4.3024321042174,0.9518033068978917,11.870159182669527,0.10201055163946371,4.3158671690681585,0.9523127367491184,11.947500205335606,0.09491530930158613,4.3301728734054015,0.9488994869757159,11.785072649341014,0.09102505444699314,4.385906247236913,0.9446295783107062,11.83833629997055,0.10106032156462799,4.446313175111607,0.9520570485216023,12.14895538217929
96,0.0975694247269219,4.323236513212325,0.9510262176625159,12.13349512836543,0.09919158412258443,4.3681886716334235,0.9535198245440675,12.201625785642273,0.10222084866417815,4.356237386635099,0.9522655126069749,12.297592016643124,0.09807087088813252,4.3270924788261595,0.9510648249713611,12.132026706407357,0.09209631284158244,4.4599018041918495,0.9562980679654636,12.11884645998795,0.09501065576326842,4.2742586685493675,0.9506925300146222,12.267944943411253,0.09933833646028457,4.343295167685701,0.956025995277997,12.228295331449715,0.09457678244694444,4.357952626150642,0.956779007589102,12.034063953583635,0.099960010462399,4.378060335160382,0.9520737841979999,11.924818651055228,0.10092434698111115,4.2936640629166485,0.9507679403386592,12.080537564094325,0.10156037531663385,4.4057567070841595,0.9548043475216966,12.396563055214964
102,0.12015304592008819,4.175733032356201,0.912599030138608,11.587744805054967,0.11645150393004314,4.335268625701984,0.9121827522931356,11.516123221863724,0.11985713891784214,4.14992637869092,0.9174670534540441,11.699163272027025,0.12017359550992524,4.177125193436123,0.9120636676402819,11.59420249450102,0.11165859339395,4.102677667821803,0.9105615861269362,11.517662194577815,0.12233128806206801,4.2757321315565076,0.9169470009609221,11.545291399203718,0.121765328966686,4.323005267718604,0.914038941889648,11.71953582270075,0.11648692098775484,4.183848693390396,0.9100240959048183,11.528296468078333,0.11964641089049644,4.30414579346931,0.9158364500814884,11.84097797571514,0.11865493120463787,4.164499286079053,0.9091306676877194,11.769948467867644,0.12049940640606914,4.18348668630856,0.911057522823017,11.67315195260866
